{
  "overall": {
    "f1": 0.0021464796119937263,
    "rouge_l": 0.0021464796119937263
  },
  "slices": {
    "even_id": {
      "mean": {
        "f1": 0.0016530234151407302,
        "rouge_l": 0.0016530234151407302
      },
      "gap": {
        "f1": -0.0004934561968529961,
        "rouge_l": -0.0004934561968529961
      },
      "ratio": {
        "f1": 0.7701090687767322,
        "rouge_l": 0.7701090687767322
      },
      "ci": {
        "f1": [
          0.0007625122247149782,
          0.002606335673921496
        ],
        "rouge_l": [
          0.0007418990503140276,
          0.002673839296488017
        ]
      },
      "n": 75
    },
    "odd_id": {
      "mean": {
        "f1": 0.002639935808846723,
        "rouge_l": 0.002639935808846723
      },
      "gap": {
        "f1": 0.0004934561968529968,
        "rouge_l": 0.0004934561968529968
      },
      "ratio": {
        "f1": 1.229890931223268,
        "rouge_l": 1.229890931223268
      },
      "ci": {
        "f1": [
          0.001509480830178852,
          0.0040774392535940516
        ],
        "rouge_l": [
          0.001444925070111601,
          0.003924799698387002
        ]
      },
      "n": 75
    }
  }
}