{
  "n": 150,
  "aggregate": {
    "ng1_prec": 0.0056911920374878204,
    "ng1_rec": 0.82,
    "ng1_f1": 0.011296997359134657,
    "ng2_prec": 0.0,
    "ng2_rec": 0.0,
    "ng2_f1": 0.0,
    "ng3_prec": 0.0,
    "ng3_rec": 0.0,
    "ng3_f1": 0.0
  }
}