{
  "primary_metric": "rouge",
  "primary_value": 0.0021464796119937263,
  "aggregate": {
    "f1": 0.0021464796119937263,
    "rouge_l": 0.0021464796119937263,
    "bertscore_f1": 0.7792285871505737,
    "bleu": 0.0025111197342821386
  },
  "n": 150,
  "ts": "2025-10-18T13:48:06"
}