{
  "n": 150,
  "aggregate": {
    "nli_entailment": 0.34127360936778134,
    "nli_contradiction": 0.1548404468948138,
    "nli_neutral": 0.6461666364828125
  },
  "model": "facebook/bart-large-mnli"
}