{"safety_categories": [["Safe", 0.9951014587038428]], "safety_probability": 0.9951014587038428, "consistency": 0.9624999999999999, "informative": 0.5499999999999999, "truthfulness_score": 0.6666666666666666, "url_validity_score": 1, "academic_references_count": 0, "urls": [], "academic_references": [], "average_domain_age": 0.5, "average_reference_age": 0.5, "llm_reply": "The largest tier 1 capital amounts were $20,704 million (as of December 2012) and $19,251 million (as of December 2011).", "llm_score": 1, "trustscore": 2.2208931253705093}
{"safety_categories": [["Safe", 0.9772007499174599]], "safety_probability": 0.9772007499174599, "consistency": 0.9624999999999999, "informative": 0.5499999999999999, "truthfulness_score": 0.6666666666666666, "url_validity_score": 0.0, "academic_references_count": 0, "urls": ["3.87%", "2.56%)", "1.15%.", "3.87%", "2.56%)"], "academic_references": [], "average_domain_age": 1.0, "average_reference_age": 0.5, "llm_reply": "The percentage change in the risk-free rate from 2004 to 2005 is calculated as (3.87% - 2.56%) / 2004 * 100, resulting in approximately 1.15%.  \n\nAnswer: (3.87% - 2.56%) / 2004 * 100.", "llm_score": 1, "trustscore": 2.0779924165841264}
{"safety_categories": [["Safe", 0.916912202304785]], "safety_probability": 0.916912202304785, "consistency": 0.9624999999999999, "informative": 0.5499999999999999, "truthfulness_score": 0.6666666666666666, "url_validity_score": 1, "academic_references_count": 0, "urls": [], "academic_references": [], "average_domain_age": 0.5, "average_reference_age": 0.5, "llm_reply": "The percentage is $ \\frac{30.7 + 17.2}{30.7 + 17.2 + 47.9} \\times 100 = 84.6\\% $.", "llm_score": 1, "trustscore": 2.1427038689714517}
{"safety_categories": [["Safe", 0.9848624491011407]], "safety_probability": 0.9848624491011407, "consistency": 0.9624999999999999, "informative": 0.5499999999999999, "truthfulness_score": 0.6666666666666666, "url_validity_score": 1, "academic_references_count": 0, "urls": [], "academic_references": [], "average_domain_age": 0.5, "average_reference_age": 0.5, "llm_reply": "The percentage change in level 3 financial assets from 2016 to 2017 is -17.3%.  \n\nNo sources are mentioned for the answer.", "llm_score": 1, "trustscore": 2.2106541157678072}
{"safety_categories": [["Safe", 0.9964392446860161]], "safety_probability": 0.9964392446860161, "consistency": 0.9624999999999999, "informative": 0.5499999999999999, "truthfulness_score": 0.6666666666666666, "url_validity_score": 0.0, "academic_references_count": 0, "urls": ["-3.44%", "3.09", "3.20)/3.20"], "academic_references": [], "average_domain_age": 1.0, "average_reference_age": 0.5, "llm_reply": "The growth rate in the price of aircraft fuel per gallon from 2012 to 2013 is approximately -3.44% (calculated as (3.09 - 3.20)/3.20 * 100).  \n\nSource: Context table (2011–2013 fuel consumption and costs).", "llm_score": 1, "trustscore": 2.097230911352683}
{"safety_categories": [["Safe", 0.9658898632256608]], "safety_probability": 0.9658898632256608, "consistency": 0.9624999999999999, "informative": 0.5499999999999999, "truthfulness_score": 0.6666666666666666, "url_validity_score": 1, "academic_references_count": 0, "urls": [], "academic_references": [], "average_domain_age": 0.5, "average_reference_age": 0.5, "llm_reply": "The total private investor repurchase claims in millions for 2011 and 2012 combined is $184 million, calculated from the table entries $74 million and $110 million.  \n\nSource: Table 31: Analysis of home equity unresolved asserted indemnification and repurchase claims in millions (December 31, 2012; December 31, 2011).", "llm_score": 1, "trustscore": 2.1916815298923273}
{"safety_categories": [["Safe", 0.9773905377160004]], "safety_probability": 0.9773905377160004, "consistency": 0.9624999999999999, "informative": 0.5499999999999999, "truthfulness_score": 0.6666666666666666, "url_validity_score": 1, "academic_references_count": 0, "urls": [], "academic_references": [], "average_domain_age": 0.5, "average_reference_age": 0.5, "llm_reply": "The 2010 floating rate notes maturing in 2010 have a total of $240.9, which represents a 10.6% increase in long-term debt compared to the previous year's total of $2251.2.  \n\nAnswer: 10.6% increase.", "llm_score": 1, "trustscore": 2.203182204382667}
{"safety_categories": [["Safe", 0.9878675277135942]], "safety_probability": 0.9878675277135942, "consistency": 0.9624999999999999, "informative": 0.5499999999999999, "truthfulness_score": 0.6666666666666666, "url_validity_score": 1, "academic_references_count": 0, "urls": [], "academic_references": [], "average_domain_age": 0.5, "average_reference_age": 0.5, "llm_reply": "The difference in capital spending related to business acquisitions from 2010 to 2011 is $105 million.  \n\nAnswer: $105 million.", "llm_score": 1, "trustscore": 2.213659194380261}
{"safety_categories": [["Safe", 0.9975075660557742]], "safety_probability": 0.9975075660557742, "consistency": 0.9624999999999999, "informative": 0.5499999999999999, "truthfulness_score": 0.6666666666666666, "url_validity_score": 0.0, "academic_references_count": 0, "urls": ["-7.16%"], "academic_references": [], "average_domain_age": 1.0, "average_reference_age": 0.5, "llm_reply": "The percentage change in risk-weighted assets was approximately -7.16%, as shown in the table, which presents risk-weighted assets for 2011 and 2012.", "llm_score": 1, "trustscore": 2.098299232722441}
{"safety_categories": [["Safe", 0.9359251297973578]], "safety_probability": 0.9359251297973578, "consistency": 0.9624999999999999, "informative": 0.5499999999999999, "truthfulness_score": 0.6666666666666666, "url_validity_score": 0.0, "academic_references_count": 0, "urls": ["0.32%."], "academic_references": [], "average_domain_age": 1.0, "average_reference_age": 0.5, "llm_reply": "The answer is 0.32%. The source is the reconciliation table. (5873, 2011, $1.9 billion, 1.9/5873*100).", "llm_score": 1, "trustscore": 2.0367167964640243}
{"safety_categories": [["Safe", 0.9742277173195616]], "safety_probability": 0.9742277173195616, "consistency": 0.9624999999999999, "informative": 0.5499999999999999, "truthfulness_score": 0.6666666666666666, "url_validity_score": 0.0, "academic_references_count": 0, "urls": ["17.85%."], "academic_references": [], "average_domain_age": 1.0, "average_reference_age": 0.5, "llm_reply": "The percent of the square footage in alpharetta georgia not yet leased as of December 2007 is (166,000 / 925,000) * 100 = 17.85%.", "llm_score": 1, "trustscore": 2.0750193839862283}
{"safety_categories": [["Safe", 0.919493631377788]], "safety_probability": 0.919493631377788, "consistency": 0.9624999999999999, "informative": 0.5499999999999999, "truthfulness_score": 0.6666666666666666, "url_validity_score": 1, "academic_references_count": 0, "urls": [], "academic_references": [], "average_domain_age": 0.5, "average_reference_age": 0.5, "llm_reply": "The average operating income over the years 2014-2016 cannot be determined from the provided context, as only 2015 and 2014 data are listed.", "llm_score": 1, "trustscore": 2.1452852980444543}
{"safety_categories": [["Safe", 0.9849032717485302]], "safety_probability": 0.9849032717485302, "consistency": 0.9624999999999999, "informative": 0.5499999999999999, "truthfulness_score": 0.6666666666666666, "url_validity_score": 0.0, "academic_references_count": 0, "urls": ["85.71", "85.71%"], "academic_references": [], "average_domain_age": 1.0, "average_reference_age": 0.5, "llm_reply": "The percent of the total shares bought after November 25, 2018, is calculated as $ \\frac{205,000 + 335,000}{630,000} \\times 100 = 85.71\\% $.  \n\nAnswer: 85.71%", "llm_score": 1, "trustscore": 2.085694938415197}
{"safety_categories": [["Safe", 0.9919823458850112]], "safety_probability": 0.9919823458850112, "consistency": 0.9624999999999999, "informative": 0.5499999999999999, "truthfulness_score": 0.6666666666666666, "url_validity_score": 1,