{
    "0": NaN,
    "1": 0.9624999999999999,
    "2": 0.9624999999999999,
    "3": 0.9624999999999999,
    "4": 0.9624999999999999,
    "5": 0.9871794871794872
}