{
  "ngram": {
    "n": 150,
    "aggregate": {
      "ng1_prec": 0.0662454132871674,
      "ng1_rec": 0.6802321062760893,
      "ng1_f1": 0.10416242575845996,
      "ng2_prec": 0.03149826118008396,
      "ng2_rec": 0.3604014719370756,
      "ng2_f1": 0.049308270835722263,
      "ng3_prec": 0.018626404583819502,
      "ng3_rec": 0.22751173826173826,
      "ng3_f1": 0.028671895528193575
    }
  },
  "nli": {
    "n": 150,
    "aggregate": {
      "nli_entailment": 0.3095809024120293,
      "nli_contradiction": 0.3413614246901125,
      "nli_neutral": 0.495825321629333
    },
    "model": "facebook/bart-large-mnli"
  }
}