{
  "overall": {
    "f1": 0.10416242575845996,
    "rouge_l": 0.08980910808449809
  },
  "slices": {
    "even_id": {
      "mean": {
        "f1": 0.11929187183095595,
        "rouge_l": 0.10398165994183543
      },
      "gap": {
        "f1": 0.015129446072495986,
        "rouge_l": 0.014172551857337345
      },
      "ratio": {
        "f1": 1.1452485957611944,
        "rouge_l": 1.1578075115054356
      },
      "ci": {
        "f1": [
          0.09186386317630231,
          0.1530247200403703
        ],
        "rouge_l": [
          0.07903897483701734,
          0.14146539180541473
        ]
      },
      "n": 75
    },
    "odd_id": {
      "mean": {
        "f1": 0.08903297968596398,
        "rouge_l": 0.07563655622716077
      },
      "gap": {
        "f1": -0.015129446072495986,
        "rouge_l": -0.014172551857337318
      },
      "ratio": {
        "f1": 0.8547514042388055,
        "rouge_l": 0.8421924884945646
      },
      "ci": {
        "f1": [
          0.0707607514329637,
          0.11047472774346527
        ],
        "rouge_l": [
          0.05863152147108023,
          0.09580503657124745
        ]
      },
      "n": 75
    }
  }
}