{
  "n": 150,
  "aggregate": {
    "ng1_prec": 0.0662454132871674,
    "ng1_rec": 0.6802321062760893,
    "ng1_f1": 0.10416242575845996,
    "ng2_prec": 0.03149826118008396,
    "ng2_rec": 0.3604014719370756,
    "ng2_f1": 0.049308270835722263,
    "ng3_prec": 0.018626404583819502,
    "ng3_rec": 0.22751173826173826,
    "ng3_f1": 0.028671895528193575
  }
}