{
  "primary_metric": "rouge",
  "primary_value": 0.0898091080844981,
  "aggregate": {
    "f1": 0.10416242575845996,
    "rouge_l": 0.0898091080844981,
    "bertscore_f1": 0.8340011711915334,
    "bleu": 1.3271786407989254
  },
  "n": 150,
  "ts": "2025-10-18T14:05:35"
}