{
  "mean_delta_f1": -1.5084485450041068e-05,
  "mean_delta_rouge": -1.3943262425154395e-05,
  "attack_success_rate": 0.0,
  "stability": 1.0,
  "f1_correct_threshold": 0.5,
  "n_pairs": 150
}