{
    "0": NaN,
    "1": 0.7755854872862498,
    "2": 0.7755854872862498,
    "3": 0.7755854872862498,
    "4": 0.7755854872862498,
    "5": 0.7755854872862498
}