{
    "1": 0.9706896551724139,
    "2": 0.9706896551724139,
    "3": 0.9746478873239437,
    "4": 0.9746478873239437,
    "5": 0.9761904761904762
}