{
    "0": NaN,
    "1": 0.7934210526315789,
    "2": 0.7934210526315789,
    "3": 0.7934210526315789,
    "4": 0.8358490566037735,
    "5": 0.8809523809523809
}