{
    "0": NaN,
    "1": 0.006802315339213282,
    "2": 0.006802315339213282,
    "3": 0.006802315339213282,
    "4": 0.006802315339213282,
    "5": 0.006802315339213282
}