{
    "0": NaN,
    "1": 0.01319952791658103,
    "2": 0.01319952791658103,
    "3": 0.01319952791658103,
    "4": 0.01319952791658103,
    "5": 0.01319952791658103
}