{
    "0": NaN,
    "1": 0.8083333333333333,
    "2": 0.875,
    "3": 0.875,
    "4": 0.875,
    "5": 0.9285714285714286
}