{
    "0": NaN,
    "1": 0.442739758294386,
    "2": 0.442739758294386,
    "3": 0.442739758294386,
    "4": 0.442739758294386,
    "5": 0.442739758294386
}