{
    "0": NaN,
    "1": 0.24488604622970608,
    "2": 0.24488604622970608,
    "3": 0.24488604622970608,
    "4": 0.24488604622970608,
    "5": 0.24488604622970608
}