{
    "0": NaN,
    "1": 0.4185794860590247,
    "2": 0.43223871989175644,
    "3": 0.43223871989175644,
    "4": 0.43223871989175644,
    "5": 0.5327323382454255
}