{
    "0": NaN,
    "1": 0.00158649013312808,
    "2": 0.00158649013312808,
    "3": 0.00158649013312808,
    "4": 0.00158649013312808,
    "5": 0.00158649013312808
}