{
    "0": NaN,
    "1": 0.8933333333333333,
    "2": 0.8933333333333333,
    "3": 0.8933333333333333,
    "4": 0.8933333333333333,
    "5": 0.8933333333333333
}