{
    "1": 0.9461538461538462,
    "2": 0.9461538461538462,
    "3": 0.9461538461538462,
    "4": 0.9461538461538462,
    "5": 0.972992700729927
}