{
    "0": NaN,
    "1": 0.9777777777777779,
    "2": 0.9777777777777779,
    "3": 0.9777777777777779,
    "4": 0.9971631205673759,
    "5": 0.9971631205673759
}