{
    "0": NaN,
    "1": 0.8333333333333334,
    "2": 0.8741666666666668,
    "3": 0.915,
    "4": 0.957258064516129,
    "5": 0.957258064516129
}