{
    "1": 0.65,
    "2": 0.7318493150684933,
    "3": 0.8136986301369864,
    "4": 0.8136986301369864,
    "5": 0.8169014084507044
}