{
    "1": 0.6833333333333332,
    "2": 0.7583333333333333,
    "3": 0.8333333333333335,
    "4": 0.8333333333333335,
    "5": 0.8333333333333335
}