{
    "0": NaN,
    "1": 0.7988738209009167,
    "2": 0.7988738209009167,
    "3": 0.7988738209009167,
    "4": 0.8183563998112311,
    "5": 0.8183563998112311
}