{
    "0": NaN,
    "1": 0.23469387755102028,
    "2": 0.24074074074074067,
    "3": 0.4375,
    "4": 0.6662271062271062,
    "5": 0.6662271062271062
}