{
    "0": NaN,
    "1": 0.020531849103277575,
    "2": 0.038017429193899666,
    "3": 0.0415282392026575,
    "4": 0.056202505555953255,
    "5": 0.06363030895669701
}