{
    "0": NaN,
    "1": 0.03721505262601143,
    "2": 0.06537277170381656,
    "3": 0.07136363636363625,
    "4": 0.10471114759224476,
    "5": 0.1095773299555787
}