{
    "0": NaN,
    "1": 0.08133730492409044,
    "2": 0.08133730492409044,
    "3": 0.1688977116427845,
    "4": 0.1688977116427845,
    "5": 0.32143057003896286
}