{
    "0": NaN,
    "1": 0.1968702379365758,
    "2": 0.1968702379365758,
    "3": 0.1968702379365758,
    "4": 0.1968702379365758,
    "5": 0.1968702379365758
}