{
    "0": NaN,
    "1": 0.5223369609032353,
    "2": 0.5362411302720338,
    "3": 0.5362411302720338,
    "4": 0.5362411302720338,
    "5": 0.5362411302720338
}