{
    "0": NaN,
    "1": 0.03721505262601143,
    "2": 0.06106226852222262,
    "3": 0.06106226852222262,
    "4": 0.10443325839310304,
    "5": 0.10443325839310304
}