{
    "0": NaN,
    "1": 0.0012072342733159475,
    "2": 0.0012072342733159475,
    "3": 0.0012072342733159475,
    "4": 0.0012072342733159475,
    "5": 0.0017423736757950959
}