{
    "0": NaN,
    "1": 0.005836124786230238,
    "2": 0.005836124786230238,
    "3": 0.005836124786230238,
    "4": 0.007903908103097856,
    "5": 0.007903908103097856
}