{
    "0": NaN,
    "1": 0.011516865017606476,
    "2": 0.011516865017606476,
    "3": 0.011516865017606476,
    "4": 0.015564215694538117,
    "5": 0.015564215694538117
}