{
    "0": NaN,
    "1": 0.4576271186440678,
    "2": 0.4576271186440678,
    "3": 0.4576271186440678,
    "4": 0.5666666666666667,
    "5": 0.5666666666666667
}