{
    "0": NaN,
    "1": 0.2710515134328717,
    "2": 0.2933880943059917,
    "3": 0.2933880943059917,
    "4": 0.2933880943059917,
    "5": 0.2989061588089757
}