{
    "0": NaN,
    "1": 0.21750118300594623,
    "2": 0.21750118300594623,
    "3": 0.232955792198864,
    "4": 0.232955792198864,
    "5": 0.232955792198864
}