{
    "0": NaN,
    "1": 0.6002759459967674,
    "2": 0.6002759459967674,
    "3": 0.6002759459967674,
    "4": 0.6002759459967674,
    "5": 0.6330077494117052
}