{
    "1": 0.6666666666666666,
    "2": 0.6666666666666666,
    "3": 0.80625,
    "4": 0.8265625000000001,
    "5": 0.8265625000000001
}