{
  "overall": {
    "f1": 0.1023993534929527,
    "rouge_l": 0.09753758966849603
  },
  "slices": {
    "even_id": {
      "mean": {
        "f1": 0.09277718850947861,
        "rouge_l": 0.08655110155295687
      },
      "gap": {
        "f1": -0.009622164983474096,
        "rouge_l": -0.010986488115539164
      },
      "ratio": {
        "f1": 0.9060329518180376,
        "rouge_l": 0.8873614967021507
      },
      "ci": {
        "f1": [
          0.07038609057576897,
          0.11899538755019647
        ],
        "rouge_l": [
          0.06510237227598818,
          0.10826975063712609
        ]
      },
      "n": 75
    },
    "odd_id": {
      "mean": {
        "f1": 0.11202151847642682,
        "rouge_l": 0.10852407778403522
      },
      "gap": {
        "f1": 0.00962216498347411,
        "rouge_l": 0.010986488115539192
      },
      "ratio": {
        "f1": 1.0939670481819626,
        "rouge_l": 1.1126385032978496
      },
      "ci": {
        "f1": [
          0.08432466115087016,
          0.14127983701757885
        ],
        "rouge_l": [
          0.08330632589046316,
          0.13589108531537464
        ]
      },
      "n": 75
    }
  }
}