{
  "n": 150,
  "aggregate": {
    "ng1_prec": 0.05929481142697564,
    "ng1_rec": 0.6144603174603175,
    "ng1_f1": 0.10239935349295272,
    "ng2_prec": 0.02441426679504444,
    "ng2_rec": 0.31266666666666665,
    "ng2_f1": 0.043389191796843286,
    "ng3_prec": 0.008161668677759427,
    "ng3_rec": 0.12,
    "ng3_f1": 0.014902029349626896
  }
}