{
  "primary_metric": "rouge",
  "primary_value": 0.09753758966849604,
  "aggregate": {
    "f1": 0.10239935349295272,
    "rouge_l": 0.09753758966849604,
    "bertscore_f1": 0.8157587226231893,
    "bleu": 0.7483782386613421
  },
  "n": 150,
  "ts": "2025-10-18T15:10:45"
}