{
    "0": NaN,
    "1": 0.8222475449244177,
    "2": 0.8222475449244177,
    "3": 0.8222475449244177,
    "4": 0.8236064441276318,
    "5": 0.8369090775648751
}