{
    "1": NaN,
    "2": 0.9879999999999999,
    "3": 0.9879999999999999,
    "4": 0.9879999999999999,
    "5": 0.9879999999999999
}