{
    "0": NaN,
    "1": 0.07442301894647355,
    "2": 0.07442301894647355,
    "3": 0.07442301894647355,
    "4": 0.07442301894647355,
    "5": 0.11516186634014927
}