{
    "0": NaN,
    "1": 0.7230182766579822,
    "2": 0.7230182766579822,
    "3": 0.7230182766579822,
    "4": 0.7230182766579822,
    "5": 0.7344989540969257
}