{
    "0": NaN,
    "1": 0.04154084253241986,
    "2": 0.04154084253241986,
    "3": 0.04154084253241986,
    "4": 0.043576214805014876,
    "5": 0.06864210703227583
}