{
    "0": NaN,
    "1": 0.010954725352348,
    "2": 0.2604745552610073,
    "3": 0.2604745552610073,
    "4": 0.2604745552610073,
    "5": 0.2604745552610073
}