{
    "0": NaN,
    "1": 0.4373622420381673,
    "2": 0.4373622420381673,
    "3": 0.4373622420381673,
    "4": 0.4373622420381673,
    "5": 0.4373622420381673
}