{
    "0": NaN,
    "1": 0.3699549672814701,
    "2": 0.3699549672814701,
    "3": 0.4506804492169365,
    "4": 0.5018918146417148,
    "5": 0.5018918146417148
}