{
    "0": NaN,
    "1": 0.06539099995004378,
    "2": 0.06539099995004378,
    "3": 0.06539099995004378,
    "4": 0.06667849141997673,
    "5": 0.0984070840243179
}