{
    "0": NaN,
    "1": NaN,
    "2": 0.67,
    "3": 0.9155737704918033,
    "4": 0.9155737704918033,
    "5": 0.9444444444444444
}