{
  "overall": {
    "f1": 0.1774012194956786,
    "rouge_l": 0.1545099839474889
  },
  "slices": {
    "even_id": {
      "mean": {
        "f1": 0.20332825577209587,
        "rouge_l": 0.18079239950550338
      },
      "gap": {
        "f1": 0.025927036276417265,
        "rouge_l": 0.02628241555801447
      },
      "ratio": {
        "f1": 1.1461491434507802,
        "rouge_l": 1.1701017299111667
      },
      "ci": {
        "f1": [
          0.1690703538753289,
          0.2442976213293454
        ],
        "rouge_l": [
          0.14643366889982834,
          0.22041489410933193
        ]
      },
      "n": 75
    },
    "odd_id": {
      "mean": {
        "f1": 0.15147418321926137,
        "rouge_l": 0.1282275683894744
      },
      "gap": {
        "f1": -0.025927036276417237,
        "rouge_l": -0.0262824155580145
      },
      "ratio": {
        "f1": 0.85385085654922,
        "rouge_l": 0.8298982700888331
      },
      "ci": {
        "f1": [
          0.1289706157263141,
          0.17617839654449355
        ],
        "rouge_l": [
          0.10580301136236758,
          0.15116539868029513
        ]
      },
      "n": 75
    }
  }
}