{
  "n": 150,
  "aggregate": {
    "ng1_prec": 0.11155303218989872,
    "ng1_rec": 0.7537130637020258,
    "ng1_f1": 0.17740121949567864,
    "ng2_prec": 0.06705031136220302,
    "ng2_rec": 0.4884393515554506,
    "ng2_f1": 0.10481598621997937,
    "ng3_prec": 0.04342114884297321,
    "ng3_rec": 0.3360764235764236,
    "ng3_f1": 0.06710739850624073
  }
}