{
  "primary_metric": "rouge",
  "primary_value": 0.1545099839474889,
  "aggregate": {
    "f1": 0.17740121949567864,
    "rouge_l": 0.1545099839474889,
    "bertscore_f1": 0.8541185696919759,
    "bleu": 3.083765623186971
  },
  "n": 150,
  "ts": "2025-10-18T14:54:39"
}