{
  "ngram": {
    "n": 150,
    "aggregate": {
      "ng1_prec": 0.01088540459847032,
      "ng1_rec": 0.68,
      "ng1_f1": 0.021328483801871637,
      "ng2_prec": 0.0,
      "ng2_rec": 0.0,
      "ng2_f1": 0.0,
      "ng3_prec": 0.0,
      "ng3_rec": 0.0,
      "ng3_f1": 0.0
    }
  },
  "nli": {
    "n": 150,
    "aggregate": {
      "nli_entailment": 0.6551419362549981,
      "nli_contradiction": 0.18807029887568205,
      "nli_neutral": 0.3990051791506509
    },
    "model": "facebook/bart-large-mnli"
  }
}