{
  "overall": {
    "f1": 0.009234745364397706,
    "rouge_l": 0.009234745364397706
  },
  "slices": {
    "even_id": {
      "mean": {
        "f1": 0.009782047391586208,
        "rouge_l": 0.009782047391586208
      },
      "gap": {
        "f1": 0.0005473020271885027,
        "rouge_l": 0.0005473020271885027
      },
      "ratio": {
        "f1": 1.0592655244505702,
        "rouge_l": 1.0592655244505702
      },
      "ci": {
        "f1": [
          0.006017812990441382,
          0.014320314063881326
        ],
        "rouge_l": [
          0.005758853374595187,
          0.01453266917020681
        ]
      },
      "n": 75
    },
    "odd_id": {
      "mean": {
        "f1": 0.008687443337209201,
        "rouge_l": 0.008687443337209201
      },
      "gap": {
        "f1": -0.0005473020271885044,
        "rouge_l": -0.0005473020271885044
      },
      "ratio": {
        "f1": 0.9407344755494296,
        "rouge_l": 0.9407344755494296
      },
      "ci": {
        "f1": [
          0.0048361544941134815,
          0.013626954174164894
        ],
        "rouge_l": [
          0.004723831730686203,
          0.013667125250510968
        ]
      },
      "n": 75
    }
  }
}