{
  "overall": {
    "f1": 0.009814052500368589,
    "rouge_l": 0.009814052500368589
  },
  "slices": {
    "even_id": {
      "mean": {
        "f1": 0.010630299440296802,
        "rouge_l": 0.010630299440296802
      },
      "gap": {
        "f1": 0.000816246939928213,
        "rouge_l": 0.000816246939928213
      },
      "ratio": {
        "f1": 1.0831712424503086,
        "rouge_l": 1.0831712424503086
      },
      "ci": {
        "f1": [
          0.006647462748746886,
          0.015281586506485666
        ],
        "rouge_l": [
          0.006318792797205991,
          0.015528156584979871
        ]
      },
      "n": 75
    },
    "odd_id": {
      "mean": {
        "f1": 0.008997805560440377,
        "rouge_l": 0.008997805560440377
      },
      "gap": {
        "f1": -0.0008162469399282113,
        "rouge_l": -0.0008162469399282113
      },
      "ratio": {
        "f1": 0.9168287575496916,
        "rouge_l": 0.9168287575496916
      },
      "ci": {
        "f1": [
          0.005143830404736827,
          0.013857384221858017
        ],
        "rouge_l": [
          0.0048051965528516346,
          0.013689049369942228
        ]
      },
      "n": 75
    }
  }
}