{
  "n": 150,
  "aggregate": {
    "ng1_prec": 0.01088540459847032,
    "ng1_rec": 0.68,
    "ng1_f1": 0.021328483801871637,
    "ng2_prec": 0.0,
    "ng2_rec": 0.0,
    "ng2_f1": 0.0,
    "ng3_prec": 0.0,
    "ng3_rec": 0.0,
    "ng3_f1": 0.0
  }
}