{
  "primary_metric": "rouge",
  "primary_value": 0.00981405250036859,
  "aggregate": {
    "f1": 0.00981405250036859,
    "rouge_l": 0.00981405250036859,
    "bleu": 0.005145078779354111
  },
  "n": 150,
  "ts": "2025-10-19T23:11:09"
}