{
  "primary_metric": "rouge",
  "primary_value": 0.009234745364397706,
  "aggregate": {
    "f1": 0.009234745364397706,
    "rouge_l": 0.009234745364397706,
    "bleu": 0.005040473923659932
  },
  "n": 150,
  "ts": "2025-10-19T18:11:32"
}