{
    "1": 0.4266666666666667,
    "2": 0.6714285714285715,
    "3": 0.6714285714285715,
    "4": 0.7059523809523811,
    "5": 0.7116279069767442
}