{
    "0": NaN,
    "1": 0.5375,
    "2": 0.5375,
    "3": 0.6231343283582089,
    "4": 0.6231343283582089,
    "5": 0.6231343283582089
}