{
    "0": NaN,
    "1": 0.7963577730711117,
    "2": 0.7981595126065337,
    "3": 0.8061199291185894,
    "4": 0.8140803456306452,
    "5": NaN
}