{
    "0": NaN,
    "1": 0.7973146073023478,
    "2": 0.7973146073023478,
    "3": 0.7973146073023478,
    "4": 0.7973146073023478,
    "5": 0.7973146073023478
}