{
    "0": NaN,
    "1": 0.03773530048985105,
    "2": 0.03773530048985105,
    "3": 0.03773530048985105,
    "4": 0.03773530048985105,
    "5": 0.03773530048985105
}