{
    "0": NaN,
    "1": 0.03056882312948989,
    "2": 0.03889278606094434,
    "3": 0.03889278606094434,
    "4": 0.03889278606094434,
    "5": NaN
}