{
    "0": NaN,
    "1": 0.3127721088435374,
    "2": 0.3127721088435374,
    "3": 0.33138605442176866,
    "4": 0.3499999999999999,
    "5": NaN
}