{
    "0": NaN,
    "1": 0.02169380040435818,
    "2": 0.02169380040435818,
    "3": 0.02169380040435818,
    "4": 0.02169380040435818,
    "5": 0.02169380040435818
}