{
    "0": NaN,
    "1": 0.017681147625898085,
    "2": 0.02220263370601529,
    "3": 0.02220263370601529,
    "4": 0.02220263370601529,
    "5": NaN
}