{
    "0": NaN,
    "1": 0.318050193050193,
    "2": 0.318050193050193,
    "3": 0.318050193050193,
    "4": 0.318050193050193,
    "5": 0.6666666666666661
}