{
    "0": NaN,
    "1": 0.454699085651745,
    "2": 0.5367230800065124,
    "3": 0.656774408979849,
    "4": 0.7768257379531855,
    "5": NaN
}