{
    "0": NaN,
    "1": 0.4250129072616495,
    "2": 0.4250129072616495,
    "3": 0.4250129072616495,
    "4": 0.4250129072616495,
    "5": NaN
}