{
    "0": NaN,
    "1": 0.41301879449222295,
    "2": 0.5370039043327168,
    "3": 0.5370039043327168,
    "4": 0.5370039043327168,
    "5": 0.8658530116081236
}