{
    "0": NaN,
    "1": 0.10070199625411334,
    "2": 0.10070199625411334,
    "3": 0.10070199625411334,
    "4": 0.10070199625411334,
    "5": NaN
}