{
    "0": NaN,
    "1": 0.4544238269546378,
    "2": 0.4544238269546378,
    "3": 0.4544238269546378,
    "4": 0.4544238269546378,
    "5": 0.4544238269546378
}