{
    "0": NaN,
    "1": 0.11869519012364299,
    "2": 0.11869519012364299,
    "3": 0.1461089767835796,
    "4": 0.1461089767835796,
    "5": 0.1461089767835796
}