{
    "0": NaN,
    "1": 0.029717057229963796,
    "2": 0.03889278606094434,
    "3": 0.03889278606094434,
    "4": 0.03889278606094434,
    "5": NaN
}