{
    "0": NaN,
    "1": 0.035071460250723344,
    "2": 0.035071460250723344,
    "3": 0.035071460250723344,
    "4": 0.035071460250723344,
    "5": 0.035071460250723344
}