{
  "ngram": {
    "n": 150,
    "aggregate": {
      "ng1_prec": 0.10166784077878138,
      "ng1_rec": 0.7311164247601858,
      "ng1_f1": 0.16625378059280208,
      "ng2_prec": 0.057960488783231956,
      "ng2_rec": 0.4620836480054747,
      "ng2_f1": 0.09382417852139739,
      "ng3_prec": 0.037267044887938944,
      "ng3_rec": 0.32020136345136346,
      "ng3_f1": 0.06021286117805452
    }
  },
  "nli": {
    "n": 150,
    "aggregate": {
      "nli_entailment": 0.5301477461804947,
      "nli_contradiction": 0.24471162288304185,
      "nli_neutral": 0.4535363334386299
    },
    "model": "facebook/bart-large-mnli"
  }
}