{
  "overall": {
    "f1": 0.16625378059280208,
    "rouge_l": 0.14434180636275012
  },
  "slices": {
    "even_id": {
      "mean": {
        "f1": 0.19159570294555237,
        "rouge_l": 0.16908966495449837
      },
      "gap": {
        "f1": 0.02534192235275029,
        "rouge_l": 0.024747858591748245
      },
      "ratio": {
        "f1": 1.152429149354619,
        "rouge_l": 1.1714531584117327
      },
      "ci": {
        "f1": [
          0.16160720086282263,
          0.22670843520461198
        ],
        "rouge_l": [
          0.13842669560917015,
          0.20531124467251635
        ]
      },
      "n": 75
    },
    "odd_id": {
      "mean": {
        "f1": 0.14091185824005178,
        "rouge_l": 0.11959394777100182
      },
      "gap": {
        "f1": -0.02534192235275029,
        "rouge_l": -0.0247478585917483
      },
      "ratio": {
        "f1": 0.847570850645381,
        "rouge_l": 0.8285468415882669
      },
      "ci": {
        "f1": [
          0.12193258894715903,
          0.16414163195631493
        ],
        "rouge_l": [
          0.10052330586812841,
          0.14162950172409808
        ]
      },
      "n": 75
    }
  }
}