{
  "primary_metric": "rouge",
  "primary_value": 0.1443418063627501,
  "aggregate": {
    "f1": 0.16625378059280208,
    "rouge_l": 0.1443418063627501,
    "bertscore_f1": 0.8531105434894561,
    "bleu": 2.9923482914761728
  },
  "n": 150,
  "ts": "2025-10-19T10:13:11"
}