{
  "ngram": {
    "n": 150,
    "aggregate": {
      "ng1_prec": 0.058249383132304815,
      "ng1_rec": 0.7299066831213485,
      "ng1_f1": 0.09886632738267939,
      "ng2_prec": 0.02953681913102116,
      "ng2_rec": 0.3933592015426381,
      "ng2_f1": 0.04934799554313033,
      "ng3_prec": 0.01752671179664101,
      "ng3_rec": 0.2448264899588429,
      "ng3_f1": 0.028869364772153083
    }
  },
  "nli": {
    "n": 150,
    "aggregate": {
      "nli_entailment": 0.4373622420381677,
      "nli_contradiction": 0.25382069313011013,
      "nli_neutral": 0.4846012206717084
    },
    "model": "facebook/bart-large-mnli"
  }
}