{
  "overall": {
    "f1": 0.0988663273826794,
    "rouge_l": 0.08548389851799394
  },
  "slices": {
    "even_id": {
      "mean": {
        "f1": 0.10912127142783584,
        "rouge_l": 0.09401410609875879
      },
      "gap": {
        "f1": 0.010254944045156436,
        "rouge_l": 0.00853020758076485
      },
      "ratio": {
        "f1": 1.103725346299786,
        "rouge_l": 1.0997873018036173
      },
      "ci": {
        "f1": [
          0.08828837137094338,
          0.13408776723393923
        ],
        "rouge_l": [
          0.07608883680223728,
          0.11492579364108191
        ]
      },
      "n": 75
    },
    "odd_id": {
      "mean": {
        "f1": 0.08861138333752294,
        "rouge_l": 0.07695369093722908
      },
      "gap": {
        "f1": -0.010254944045156464,
        "rouge_l": -0.008530207580764865
      },
      "ratio": {
        "f1": 0.8962746537002138,
        "rouge_l": 0.9002126981963826
      },
      "ci": {
        "f1": [
          0.06964464907641997,
          0.11063502840694234
        ],
        "rouge_l": [
          0.059792545708370004,
          0.09916408648598331
        ]
      },
      "n": 75
    }
  }
}