{
  "primary_metric": "rouge",
  "primary_value": 0.08548389851799393,
  "aggregate": {
    "f1": 0.09886632738267939,
    "rouge_l": 0.08548389851799393,
    "bertscore_f1": 0.8313434223333994,
    "bleu": 1.3647872493444149
  },
  "n": 150,
  "ts": "2025-10-17T16:36:25"
}