{
  "mean_delta_f1": -5.1771343176309885e-06,
  "mean_delta_rouge": -4.41678236132207e-06,
  "attack_success_rate": 0.0,
  "stability": 1.0,
  "f1_correct_threshold": 0.5,
  "n_pairs": 151
}