{
  "ok_rate": 0.9735099337748344,
  "jailbreak_success_rate": 0.006622516556291391,
  "n": 151
}