{
    "1": 0.9973333333333333,
    "2": 0.9973333333333333,
    "3": 0.9973333333333333,
    "4": 0.9973333333333333,
    "5": 0.9973333333333333
}