{
    "0": NaN,
    "1": 0.009234745364397586,
    "2": 0.009234745364397586,
    "3": 0.009234745364397586,
    "4": 0.009234745364397586,
    "5": NaN
}