{
    "1": 0.9593333333333334,
    "2": 0.9593333333333334,
    "3": 0.9593333333333334,
    "4": 0.9593333333333334,
    "5": 0.9593333333333334
}