{
    "0": NaN,
    "1": 0.6666666666666666,
    "2": 0.6666666666666666,
    "3": 0.6666666666666666,
    "4": 0.6666666666666666,
    "5": NaN
}