{
    "0": NaN,
    "1": 0.010750884051119682,
    "2": 0.010750884051119682,
    "3": 0.010750884051119682,
    "4": 0.010750884051119682,
    "5": NaN
}