{
    "0": NaN,
    "1": 0.021069281735603004,
    "2": 0.021069281735603004,
    "3": 0.021069281735603004,
    "4": 0.021069281735603004,
    "5": NaN
}