{
    "0": NaN,
    "1": 0.6523897571861742,
    "2": 0.6523897571861742,
    "3": 0.6523897571861742,
    "4": 0.6523897571861742,
    "5": NaN
}