{
    "0": NaN,
    "1": 0.19459782153484376,
    "2": 0.19459782153484376,
    "3": 0.19459782153484376,
    "4": 0.19459782153484376,
    "5": NaN
}