{
    "0": NaN,
    "1": 0.40120372502133234,
    "2": 0.40120372502133234,
    "3": 0.40120372502133234,
    "4": 0.40120372502133234,
    "5": NaN
}