{
    "1": 0.9820000000000001,
    "2": 0.9820000000000001,
    "3": 0.9820000000000001,
    "4": 0.9820000000000001,
    "5": 0.9820000000000001
}