{
    "0": NaN,
    "1": 0.8332659897878187,
    "2": 0.8332659897878187,
    "3": 0.8332659897878187,
    "4": 0.8385172855286369,
    "5": 0.8385172855286369
}