{
    "0": NaN,
    "1": 0.9564516129032259,
    "2": 0.9564516129032259,
    "3": 0.9564516129032259,
    "4": 0.9796875,
    "5": 0.9958333333333332
}