{
    "0": NaN,
    "1": 0.09964549939014233,
    "2": 0.09964549939014233,
    "3": 0.09964549939014233,
    "4": 0.13190925916383658,
    "5": 0.13190925916383658
}