{
    "0": NaN,
    "1": 0.7785714285714287,
    "2": 0.8264705882352941,
    "3": 0.8264705882352941,
    "4": 0.8421875000000001,
    "5": 0.85
}