{
    "0": NaN,
    "1": 0.6769073856110591,
    "2": 0.6769073856110591,
    "3": 0.6769073856110591,
    "4": 0.7006553903612724,
    "5": 0.7006553903612724
}