{
    "0": NaN,
    "1": 0.06191798778098155,
    "2": 0.06191798778098155,
    "3": 0.06191798778098155,
    "4": 0.09282816996802043,
    "5": 0.09282816996802043
}