{
    "0": NaN,
    "1": 0.29699672906309366,
    "2": 0.29699672906309366,
    "3": 0.29699672906309366,
    "4": 0.38603203420643645,
    "5": 0.3949743313714855
}