{
    "0": NaN,
    "1": 0.333880112035015,
    "2": 0.3725765568027589,
    "3": 0.3725765568027589,
    "4": 0.3725765568027589,
    "5": 0.3725765568027589
}