{
    "0": NaN,
    "1": 0.4938830238763299,
    "2": 0.4938830238763299,
    "3": 0.5065501831350439,
    "4": 0.5065501831350439,
    "5": 0.5065501831350439
}