{
    "0": NaN,
    "1": 0.08620571990778182,
    "2": 0.08620571990778182,
    "3": 0.08620571990778182,
    "4": 0.1119442068843236,
    "5": 0.1119442068843236
}