{
  "overall": {
    "f1": 0.0074005678801435364,
    "rouge_l": 0.0074005678801435364
  },
  "slices": {
    "even_id": {
      "mean": {
        "f1": 0.00817864129085475,
        "rouge_l": 0.00817864129085475
      },
      "gap": {
        "f1": 0.000778073410711214,
        "rouge_l": 0.000778073410711214
      },
      "ratio": {
        "f1": 1.1051369872302452,
        "rouge_l": 1.1051369872302452
      },
      "ci": {
        "f1": [
          0.005307884438787736,
          0.01129671712598719
        ],
        "rouge_l": [
          0.0053967156105980615,
          0.011290891561593148
        ]
      },
      "n": 75
    },
    "odd_id": {
      "mean": {
        "f1": 0.0066224944694323225,
        "rouge_l": 0.0066224944694323225
      },
      "gap": {
        "f1": -0.000778073410711214,
        "rouge_l": -0.000778073410711214
      },
      "ratio": {
        "f1": 0.8948630127697548,
        "rouge_l": 0.8948630127697548
      },
      "ci": {
        "f1": [
          0.0036990726062767596,
          0.01006355663498605
        ],
        "rouge_l": [
          0.0037495974121834973,
          0.009961999012312282
        ]
      },
      "n": 75
    }
  }
}