{
  "primary_metric": "rouge",
  "primary_value": 0.0074005678801435364,
  "aggregate": {
    "f1": 0.0074005678801435364,
    "rouge_l": 0.0074005678801435364,
    "bleu": 0.004584903090545286
  },
  "n": 150,
  "ts": "2025-10-19T17:41:34"
}