{
    "0": NaN,
    "1": 0.007400567880143427,
    "2": 0.007400567880143427,
    "3": 0.007400567880143427,
    "4": 0.007400567880143427,
    "5": 0.007400567880143427
}