{
    "0": NaN,
    "1": 0.8372881355932205,
    "2": 0.8372881355932205,
    "3": 0.8428571428571429,
    "4": 0.8428571428571429,
    "5": 0.8428571428571429
}