{
    "0": NaN,
    "1": 0.6266666666666667,
    "2": 0.6266666666666667,
    "3": 0.6266666666666667,
    "4": 0.6266666666666667,
    "5": 0.6266666666666667
}