{
    "0": NaN,
    "1": 0.019711213839576892,
    "2": 0.019711213839576892,
    "3": 0.019711213839576892,
    "4": 0.019711213839576892,
    "5": 0.019711213839576892
}