{
    "0": NaN,
    "1": 0.010137607948503921,
    "2": 0.010137607948503921,
    "3": 0.010137607948503921,
    "4": 0.010137607948503921,
    "5": 0.010137607948503921
}