{
    "0": NaN,
    "1": 0.39394589552555115,
    "2": 0.39658478169122235,
    "3": 0.3992236678568935,
    "4": 0.4018625540225647,
    "5": 0.40450144018823586
}