{
    "0": NaN,
    "1": 0.28058580261655125,
    "2": 0.28058580261655125,
    "3": 0.28058580261655125,
    "4": 0.28058580261655125,
    "5": 0.28058580261655125
}