{
    "0": NaN,
    "1": 0.5377114757241025,
    "2": 0.5415291281554232,
    "3": 0.545346780586744,
    "4": 0.5491644330180647,
    "5": 0.5529820854493854
}