{
    "0": NaN,
    "1": 0.8696969696969697,
    "2": 0.876923076923077,
    "3": 0.876923076923077,
    "4": 0.8961538461538462,
    "5": 0.8961538461538462
}