{
    "1": 0.9304347826086956,
    "2": 0.9304347826086956,
    "3": 0.9304347826086956,
    "4": 0.9304347826086956,
    "5": 0.9732283464566929
}