{
    "1": 0.9333333333333333,
    "2": 0.9333333333333333,
    "3": 0.9333333333333333,
    "4": 0.9375,
    "5": 0.9944881889763779
}