{
  "ngram": {
    "n": 150,
    "aggregate": {
      "ng1_prec": 0.006802315339213668,
      "ng1_rec": 0.8266666666666667,
      "ng1_f1": 0.013199527916581405,
      "ng2_prec": 0.0,
      "ng2_rec": 0.0,
      "ng2_f1": 0.0,
      "ng3_prec": 0.0,
      "ng3_rec": 0.0,
      "ng3_f1": 0.0
    }
  },
  "nli": {
    "n": 150,
    "aggregate": {
      "nli_entailment": 0.44273975829438617,
      "nli_contradiction": 0.24488604622970644,
      "nli_neutral": 0.4306907372052471
    },
    "model": "facebook/bart-large-mnli"
  }
}