{
  "overall": {
    "f1": 0.0015864901331281377,
    "rouge_l": 0.0015864901331281377
  },
  "slices": {
    "even_id": {
      "mean": {
        "f1": 0.0018035427819635597,
        "rouge_l": 0.0018035427819635597
      },
      "gap": {
        "f1": 0.00021705264883542194,
        "rouge_l": 0.00021705264883542194
      },
      "ratio": {
        "f1": 1.1368131098347594,
        "rouge_l": 1.1368131098347594
      },
      "ci": {
        "f1": [
          0.0005243651991240762,
          0.003668498015507183
        ],
        "rouge_l": [
          0.0004779698199060369,
          0.00376228255392278
        ]
      },
      "n": 75
    },
    "odd_id": {
      "mean": {
        "f1": 0.001369437484292716,
        "rouge_l": 0.001369437484292716
      },
      "gap": {
        "f1": -0.00021705264883542172,
        "rouge_l": -0.00021705264883542172
      },
      "ratio": {
        "f1": 0.8631868901652407,
        "rouge_l": 0.8631868901652407
      },
      "ci": {
        "f1": [
          0.0006577878205081404,
          0.002078885904639997
        ],
        "rouge_l": [
          0.0006943799374413703,
          0.002127498183988299
        ]
      },
      "n": 75
    }
  }
}