{
  "n": 150,
  "aggregate": {
    "ng1_prec": 0.006802315339213668,
    "ng1_rec": 0.8266666666666667,
    "ng1_f1": 0.013199527916581405,
    "ng2_prec": 0.0,
    "ng2_rec": 0.0,
    "ng2_f1": 0.0,
    "ng3_prec": 0.0,
    "ng3_rec": 0.0,
    "ng3_f1": 0.0
  }
}