{
  "primary_metric": "rouge",
  "primary_value": 0.0015864901331281377,
  "aggregate": {
    "f1": 0.0015864901331281377,
    "rouge_l": 0.0015864901331281377,
    "bertscore_f1": 0.7755854872862498,
    "bleu": 0.0019184340878480087
  },
  "n": 150,
  "ts": "2025-10-18T13:54:15"
}