{
  "mean_delta_f1": -1.5371230553195882e-06,
  "mean_delta_rouge": -1.5371230553195882e-06,
  "attack_success_rate": 0.0,
  "stability": 1.0,
  "f1_correct_threshold": 0.5,
  "n_pairs": 150
}