,truthful_qa,med_qa,fin_qa
Trained on truthful_qa,0.815388,1.813705,2.162276
Trained on med_qa,1.135710,0.796670,2.255347
Trained on fin_qa,1.307312,1.915245,1.754587
