{
  "overall": {
    "f1": 0.007251649217615088,
    "rouge_l": 0.007251649217615088
  },
  "slices": {
    "even_id": {
      "mean": {
        "f1": 0.008541897596458408,
        "rouge_l": 0.008541897596458408
      },
      "gap": {
        "f1": 0.0012902483788433203,
        "rouge_l": 0.0012902483788433203
      },
      "ratio": {
        "f1": 1.1779248195995415,
        "rouge_l": 1.1779248195995415
      },
      "ci": {
        "f1": [
          0.004839542604390205,
          0.012744254984346563
        ],
        "rouge_l": [
          0.00477009515457224,
          0.012548218737361894
        ]
      },
      "n": 75
    },
    "odd_id": {
      "mean": {
        "f1": 0.005961400838771767,
        "rouge_l": 0.005961400838771767
      },
      "gap": {
        "f1": -0.0012902483788433212,
        "rouge_l": -0.0012902483788433212
      },
      "ratio": {
        "f1": 0.8220751804004585,
        "rouge_l": 0.8220751804004585
      },
      "ci": {
        "f1": [
          0.003608533230744615,
          0.008622478755746957
        ],
        "rouge_l": [
          0.003568066174143616,
          0.008185026959094148
        ]
      },
      "n": 75
    }
  }
}