{
  "n": 150,
  "aggregate": {
    "ng1_prec": 0.0107722758191478,
    "ng1_rec": 0.7533333333333333,
    "ng1_f1": 0.021197928201384317,
    "ng2_prec": 0.0,
    "ng2_rec": 0.0,
    "ng2_f1": 0.0,
    "ng3_prec": 0.0,
    "ng3_rec": 0.0,
    "ng3_f1": 0.0
  }
}