{
  "primary_metric": "rouge",
  "primary_value": 0.007251649217615088,
  "aggregate": {
    "f1": 0.007251649217615088,
    "rouge_l": 0.007251649217615088,
    "bleu": 0.005512304935257258
  },
  "n": 150,
  "ts": "2025-10-19T17:50:23"
}