{
    "1": 0.9650000000000001,
    "2": 0.9650000000000001,
    "3": 0.9650000000000001,
    "4": 0.9941176470588234,
    "5": 0.9946902654867257
}