{
    "0": NaN,
    "1": 0.7428571428571429,
    "2": 0.85,
    "3": 0.85,
    "4": 0.8815384615384615,
    "5": 0.8815384615384615
}