{
    "1": 0.82,
    "2": 0.82,
    "3": 0.82,
    "4": 0.8915384615384615,
    "5": 0.8915384615384615
}