{
    "1": 0.9946666666666666,
    "2": 0.9946666666666666,
    "3": 0.9946666666666666,
    "4": 0.9946666666666666,
    "5": 0.9946666666666666
}