{
    "0": 0.007251649217614962,
    "1": 0.007251649217614962,
    "2": 0.007251649217614962,
    "3": 0.007251649217614962,
    "4": 0.007251649217614962,
    "5": 0.007251649217614962
}