{
    "0": NaN,
    "1": 0.9,
    "2": 0.9114864864864866,
    "3": 0.9114864864864866,
    "4": 0.9114864864864866,
    "5": 0.9114864864864866
}