{
    "0": 0.7533333333333333,
    "1": 0.7533333333333333,
    "2": 0.7533333333333333,
    "3": 0.7533333333333333,
    "4": 0.7533333333333333,
    "5": 0.7533333333333333
}