{
    "0": 0.010772275819147428,
    "1": 0.010772275819147428,
    "2": 0.010772275819147428,
    "3": 0.010772275819147428,
    "4": 0.010772275819147428,
    "5": 0.010772275819147428
}