{
    "0": 0.021197928201383935,
    "1": 0.021197928201383935,
    "2": 0.021197928201383935,
    "3": 0.021197928201383935,
    "4": 0.021197928201383935,
    "5": 0.021197928201383935
}