{
    "0": 0.5338571992143987,
    "1": 0.5338571992143987,
    "2": 0.5338571992143987,
    "3": 0.5338571992143987,
    "4": 0.5338571992143987,
    "5": 0.5338571992143987
}