{
    "0": 0.6931582705847297,
    "1": 0.6931582705847297,
    "2": 0.6931582705847297,
    "3": 0.6931582705847297,
    "4": 0.6931582705847297,
    "5": 0.6931582705847297
}