{
    "0": 0.11090747134643562,
    "1": 0.11090747134643562,
    "2": 0.11090747134643562,
    "3": 0.11090747134643562,
    "4": 0.11090747134643562,
    "5": 0.11090747134643562
}