{
    "1": 0.75,
    "2": 0.825,
    "3": 0.825,
    "4": 0.9484210526315789,
    "5": 0.9775510204081632
}