{
  "ngram": {
    "n": 150,
    "aggregate": {
      "ng1_prec": 0.021693800404358365,
      "ng1_rec": 0.3226984126984127,
      "ng1_f1": 0.03773530048985125,
      "ng2_prec": 0.006441660720598165,
      "ng2_rec": 0.13955555555555554,
      "ng2_f1": 0.011813556222015536,
      "ng3_prec": 0.0017276623371248812,
      "ng3_rec": 0.043333333333333335,
      "ng3_f1": 0.003254025367629856
    }
  },
  "nli": {
    "n": 150,
    "aggregate": {
      "nli_entailment": 0.12088829305643836,
      "nli_contradiction": 0.45442382695463795,
      "nli_neutral": 0.431455095037818
    },
    "model": "facebook/bart-large-mnli"
  }
}