{
  "overall": {
    "f1": 0.03773530048985125,
    "rouge_l": 0.035071460250723545
  },
  "slices": {
    "even_id": {
      "mean": {
        "f1": 0.03605912051148931,
        "rouge_l": 0.03461019906256786
      },
      "gap": {
        "f1": -0.00167617997836194,
        "rouge_l": -0.000461261188155683
      },
      "ratio": {
        "f1": 0.9555805848475292,
        "rouge_l": 0.9868479617085186
      },
      "ci": {
        "f1": [
          0.02269051188053299,
          0.05198811342052999
        ],
        "rouge_l": [
          0.021252643204087398,
          0.050493969623595605
        ]
      },
      "n": 75
    },
    "odd_id": {
      "mean": {
        "f1": 0.039411480468213196,
        "rouge_l": 0.03553272143887923
      },
      "gap": {
        "f1": 0.0016761799783619469,
        "rouge_l": 0.000461261188155683
      },
      "ratio": {
        "f1": 1.044419415152471,
        "rouge_l": 1.0131520382914814
      },
      "ci": {
        "f1": [
          0.023745257066452176,
          0.05639403683647472
        ],
        "rouge_l": [
          0.021298218022769922,
          0.05090157593524147
        ]
      },
      "n": 75
    }
  }
}