{
  "primary_metric": "rouge",
  "primary_value": 0.035071460250723545,
  "aggregate": {
    "f1": 0.03773530048985125,
    "rouge_l": 0.035071460250723545,
    "bertscore_f1": 0.7973146073023478,
    "bleu": 0.2611029398246865
  },
  "n": 150,
  "ts": "2025-10-18T14:00:33"
}