{
    "0": NaN,
    "1": NaN,
    "2": NaN,
    "3": 0.775209546089172,
    "4": 0.7774657363241367,
    "5": 0.7795656088768966
}