{
    "1": 0.7666666666666666,
    "2": 0.7666666666666666,
    "3": 0.8482269503546099,
    "4": 0.9297872340425533,
    "5": 0.9358490566037736
}