{
    "0": NaN,
    "1": NaN,
    "2": NaN,
    "3": 0.005691192037487455,
    "4": 0.005691192037487455,
    "5": 0.005691192037487455
}