{
    "0": NaN,
    "1": NaN,
    "2": NaN,
    "3": 0.011296997359134283,
    "4": 0.011296997359134283,
    "5": 0.011296997359134283
}