{
    "0": NaN,
    "1": NaN,
    "2": NaN,
    "3": 0.083157919347286,
    "4": 0.34300592943503266,
    "5": 0.34300592943503266
}