{
    "0": NaN,
    "1": NaN,
    "2": NaN,
    "3": 0.1290863555268906,
    "4": 0.1290863555268906,
    "5": 0.15950457367798046
}