{
    "0": NaN,
    "1": NaN,
    "2": NaN,
    "3": 0.6461666364828123,
    "4": 0.6461666364828123,
    "5": 0.6461666364828123
}