{
    "0": NaN,
    "1": NaN,
    "2": NaN,
    "3": 0.0,
    "4": 0.0021608855154298463,
    "5": 0.0021608855154298463
}