{
    "0": NaN,
    "1": 0.5,
    "2": 0.75,
    "3": 0.8601063829787234,
    "4": 0.9702127659574469,
    "5": 0.9943396226415094
}