{
    "0": NaN,
    "1": 0.5499999999999999,
    "2": 0.5499999999999999,
    "3": 0.7062499999999999,
    "4": 0.7780000000000001,
    "5": 0.8089743589743589
}