{
    "0": NaN,
    "1": 0.7954446762800215,
    "2": 0.7954446762800215,
    "3": 0.8007697343826289,
    "4": 0.8035380434989928,
    "5": 0.8052971851825713
}