{
    "0": NaN,
    "1": 0.0184392940496148,
    "2": 0.0184392940496148,
    "3": 0.024512104045610803,
    "4": 0.030517402126779683,
    "5": 0.031250631593648576
}