{
    "0": NaN,
    "1": 0.37916666666666665,
    "2": 0.37916666666666665,
    "3": 0.4285714285714284,
    "4": 0.484095238095238,
    "5": 0.5913333333333333
}