{
    "0": NaN,
    "1": 0.034291181669490904,
    "2": 0.034291181669490904,
    "3": 0.0451394901394898,
    "4": 0.05109751080181384,
    "5": 0.05551998872066432
}