{
    "0": NaN,
    "1": 0.29357324340380686,
    "2": 0.29357324340380686,
    "3": 0.29357324340380686,
    "4": 0.29357324340380686,
    "5": 0.37168035226874024
}