{
    "0": NaN,
    "1": 0.07936399052618012,
    "2": 0.07936399052618012,
    "3": 0.07936399052618012,
    "4": 0.19907410503830714,
    "5": 0.27960514359176114
}