{
    "0": NaN,
    "1": 0.4411044237553139,
    "2": 0.4411044237553139,
    "3": 0.4411044237553139,
    "4": 0.4411044237553139,
    "5": 0.4411044237553139
}