{
    "0": NaN,
    "1": 0.03135313610849455,
    "2": 0.03135313610849455,
    "3": 0.0451394901394898,
    "4": 0.047287986992290046,
    "5": 0.054154247979923575
}