{
    "0": NaN,
    "1": 0.8302926719188686,
    "2": 0.8491472097543566,
    "3": 0.8491472097543566,
    "4": 0.8491472097543566,
    "5": 0.8549502695048296
}