{
    "0": NaN,
    "1": 0.11073951461486467,
    "2": 0.11073951461486467,
    "3": 0.11073951461486467,
    "4": 0.11073951461486467,
    "5": 0.11164342303156867
}