{
    "0": NaN,
    "1": 0.17636913958164382,
    "2": 0.17636913958164382,
    "3": 0.17636913958164382,
    "4": 0.17636913958164382,
    "5": 0.17751589504168191
}