{
    "0": NaN,
    "1": 0.5,
    "2": 0.6644522144522144,
    "3": 0.6644522144522144,
    "4": 0.6644522144522144,
    "5": 0.7660672649438893
}