{
    "0": NaN,
    "1": 0.2647044358568053,
    "2": 0.2647044358568053,
    "3": 0.2647044358568053,
    "4": 0.3692717907639838,
    "5": 0.46437618993567614
}