{
    "0": NaN,
    "1": 0.007080625742673001,
    "2": 0.2286115878378036,
    "3": 0.2286115878378036,
    "4": 0.4602165366522964,
    "5": 0.5817720339077316
}