{
    "0": NaN,
    "1": 0.23596740734438412,
    "2": 0.23596740734438412,
    "3": 0.23596740734438412,
    "4": 0.23596740734438412,
    "5": 0.23596740734438412
}