{
    "0": NaN,
    "1": 0.13988584737370832,
    "2": 0.13988584737370832,
    "3": 0.13988584737370832,
    "4": 0.13988584737370832,
    "5": 0.15613488801124184
}