{
    "1": 0.8426666666666666,
    "2": 0.8426666666666666,
    "3": 0.8426666666666666,
    "4": 0.8426666666666666,
    "5": 0.8426666666666666
}