{
  "overall": {
    "f1": 0.051606384841327256,
    "rouge_l": 0.049669230971113275
  },
  "slices": {
    "even_id": {
      "mean": {
        "f1": 0.058046545443394645,
        "rouge_l": 0.05705889112240699
      },
      "gap": {
        "f1": 0.006440160602067389,
        "rouge_l": 0.007389660151293713
      },
      "ratio": {
        "f1": 1.124793872344842,
        "rouge_l": 1.1487774222957348
      },
      "ci": {
        "f1": [
          0.04117650047747036,
          0.07720485790206594
        ],
        "rouge_l": [
          0.04158486636386046,
          0.07457382965681526
        ]
      },
      "n": 75
    },
    "odd_id": {
      "mean": {
        "f1": 0.04516622423925987,
        "rouge_l": 0.042279570819819555
      },
      "gap": {
        "f1": -0.006440160602067389,
        "rouge_l": -0.00738966015129372
      },
      "ratio": {
        "f1": 0.8752061276551579,
        "rouge_l": 0.851222577704265
      },
      "ci": {
        "f1": [
          0.03106276265516015,
          0.061809849990661296
        ],
        "rouge_l": [
          0.028956005347971946,
          0.05831085744421088
        ]
      },
      "n": 75
    }
  }
}