{
  "n": 150,
  "aggregate": {
    "ng1_prec": 0.029195630758364923,
    "ng1_rec": 0.5397460317460318,
    "ng1_f1": 0.051606384841327256,
    "ng2_prec": 0.009803481381042218,
    "ng2_rec": 0.22844444444444445,
    "ng2_f1": 0.01766727464534769,
    "ng3_prec": 0.0032476750436071576,
    "ng3_rec": 0.08555555555555557,
    "ng3_f1": 0.006101134854510249
  }
}