{
  "primary_metric": "rouge",
  "primary_value": 0.049669230971113275,
  "aggregate": {
    "f1": 0.051606384841327256,
    "rouge_l": 0.049669230971113275,
    "bertscore_f1": 0.8035394120216369,
    "bleu": 0.29594691893863295
  },
  "n": 150,
  "ts": "2025-10-17T01:10:24"
}