{
  "mean_delta_f1": -2.5085289985952214e-05,
  "mean_delta_rouge": -2.5085289985952214e-05,
  "attack_success_rate": 0.0,
  "stability": 1.0,
  "f1_correct_threshold": 0.5,
  "n_pairs": 151
}