{
  "ok_rate": 0.9933774834437086,
  "jailbreak_success_rate": 0.006622516556291391,
  "n": 151
}