{
  "overall": {
    "f1": 0.002754644879761811,
    "rouge_l": 0.002754644879761811
  },
  "slices": {
    "even_id": {
      "mean": {
        "f1": 0.0018328960798510445,
        "rouge_l": 0.0018328960798510445
      },
      "gap": {
        "f1": -0.0009217487999107663,
        "rouge_l": -0.0009217487999107663
      },
      "ratio": {
        "f1": 0.6653838007640142,
        "rouge_l": 0.6653838007640142
      },
      "ci": {
        "f1": [
          0.0008623147527390747,
          0.0028850317840034326
        ],
        "rouge_l": [
          0.0008679480785024226,
          0.0028540969251977387
        ]
      },
      "n": 75
    },
    "odd_id": {
      "mean": {
        "f1": 0.003676393679672576,
        "rouge_l": 0.003676393679672576
      },
      "gap": {
        "f1": 0.0009217487999107652,
        "rouge_l": 0.0009217487999107652
      },
      "ratio": {
        "f1": 1.3346161992359855,
        "rouge_l": 1.3346161992359855
      },
      "ci": {
        "f1": [
          0.0016586072812627244,
          0.0066578096764731
        ],
        "rouge_l": [
          0.001695967913271868,
          0.0065772914902579955
        ]
      },
      "n": 75
    }
  }
}