{
  "primary_metric": "rouge",
  "primary_value": 0.002754644879761811,
  "aggregate": {
    "f1": 0.002754644879761811,
    "rouge_l": 0.002754644879761811,
    "bertscore_f1": 0.7698929039637248,
    "bleu": 0.0019719667866037248
  },
  "n": 150,
  "ts": "2025-10-18T15:23:44"
}