{
  "n": 150,
  "aggregate": {
    "nli_entailment": 0.3677771008864511,
    "nli_contradiction": 0.2206584681896493,
    "nli_neutral": 0.5379403211230722
  },
  "model": "facebook/bart-large-mnli"
}