{
    "0": NaN,
    "1": NaN,
    "2": 0.764827489852905,
    "3": 0.7699269000315825,
    "4": 0.7699269000315825,
    "5": 0.7699269000315825
}