{
    "1": 0.9986666666666667,
    "2": 0.9986666666666667,
    "3": 0.9986666666666667,
    "4": 0.9986666666666667,
    "5": 0.9986666666666667
}