{
    "0": NaN,
    "1": NaN,
    "2": 0.0,
    "3": 0.011109193709394475,
    "4": 0.011109193709394475,
    "5": 0.011109193709394475
}