{
    "0": NaN,
    "1": NaN,
    "2": 0.0,
    "3": 0.005611929951900318,
    "4": 0.005611929951900318,
    "5": 0.005611929951900318
}