{
    "0": NaN,
    "1": NaN,
    "2": 0.0,
    "3": 0.7114093959731543,
    "4": 0.7114093959731543,
    "5": 0.7114093959731543
}