{
    "0": NaN,
    "1": NaN,
    "2": 0.36647030711174,
    "3": 0.45477426052093506,
    "4": 0.5396608351407306,
    "5": 0.5396608351407306
}