{
    "0": NaN,
    "1": NaN,
    "2": 0.2206584681896489,
    "3": 0.2206584681896489,
    "4": 0.2206584681896489,
    "5": 0.2206584681896489
}