{
    "0": NaN,
    "1": NaN,
    "2": 0.16123844683170302,
    "3": 0.25262858806915217,
    "4": 0.25262858806915217,
    "5": 0.3740528332707763
}