{
  "truth-0033": {
    "metrics_detail.jsonl": {
      "id": "truth-0033",
      "f1": 0.0,
      "rouge_l": 0.0,
      "bertscore_f1": 0.776030421257019
    },
    "fconsistency_detail.jsonl": {
      "id": "truth-0033",
      "ng1_prec": 0.0,
      "ng1_rec": 0.0,
      "ng1_f1": 0.0,
      "ng2_prec": 0.0,
      "ng2_rec": 0.0,
      "ng2_f1": 0.0,
      "ng3_prec": 0.0,
      "ng3_rec": 0.0,
      "ng3_f1": 0.0
    }
  },
  "truth-0100": {
    "metrics_detail.jsonl": {
      "id": "truth-0100",
      "f1": 0.24,
      "rouge_l": 0.16,
      "bertscore_f1": 0.8351109623908997
    },
    "fconsistency_detail.jsonl": {
      "id": "truth-0100",
      "ng1_prec": 0.14285714285714285,
      "ng1_rec": 0.75,
      "ng1_f1": 0.24,
      "ng2_prec": 0.0,
      "ng2_rec": 0.0,
      "ng2_f1": 0.0,
      "ng3_prec": 0.0,
      "ng3_rec": 0.0,
      "ng3_f1": 0.0
    }
  },
  "truth-0006": {
    "metrics_detail.jsonl": {
      "id": "truth-0006",
      "f1": 0.0,
      "rouge_l": 0.0,
      "bertscore_f1": 0.7892186641693115
    },
    "fconsistency_detail.jsonl": {
      "id": "truth-0006",
      "ng1_prec": 0.0,
      "ng1_rec": 0.0,
      "ng1_f1": 0.0,
      "ng2_prec": 0.0,
      "ng2_rec": 0.0,
      "ng2_f1": 0.0,
      "ng3_prec": 0.0,
      "ng3_rec": 0.0,
      "ng3_f1": 0.0
    }
  },
  "truth-0143": {
    "metrics_detail.jsonl": {
      "id": "truth-0143",
      "f1": 0.16666666666666669,
      "rouge_l": 0.16666666666666669,
      "bertscore_f1": 0.8008237481117249
    },
    "fconsistency_detail.jsonl": {
      "id": "truth-0143",
      "ng1_prec": 0.09090909090909091,
      "ng1_rec": 1.0,
      "ng1_f1": 0.16666666666666669,
      "ng2_prec": 0.0,
      "ng2_rec": 0.0,
      "ng2_f1": 0.0,
      "ng3_prec": 0.0,
      "ng3_rec": 0.0,
      "ng3_f1": 0.0
    }
  },
  "truth-0083": {
    "metrics_detail.jsonl": {
      "id": "truth-0083",
      "f1": 0.06349206349206349,
      "rouge_l": 0.06349206349206349,
      "bertscore_f1": 0.8196905851364136
    },
    "fconsistency_detail.jsonl": {
      "id": "truth-0083",
      "ng1_prec": 0.03278688524590164,
      "ng1_rec": 1.0,
      "ng1_f1": 0.06349206349206349,
      "ng2_prec": 0.016666666666666666,
      "ng2_rec": 1.0,
      "ng2_f1": 0.03278688524590164,
      "ng3_prec": 0.0,
      "ng3_rec": 0.0,
      "ng3_f1": 0.0
    }
  },
  "truth-0039": {
    "metrics_detail.jsonl": {
      "id": "truth-0039",
      "f1": 0.0,
      "rouge_l": 0.0,
      "bertscore_f1": 0.8210059404373169
    },
    "fconsistency_detail.jsonl": {
      "id": "truth-0039",
      "ng1_prec": 0.0,
      "ng1_rec": 0.0,
      "ng1_f1": 0.0,
      "ng2_prec": 0.0,
      "ng2_rec": 0.0,
      "ng2_f1": 0.0,
      "ng3_prec": 0.0,
      "ng3_rec": 0.0,
      "ng3_f1": 0.0
    }
  },
  "truth-0047": {
    "metrics_detail.jsonl": {
      "id": "truth-0047",
      "f1": 0.21052631578947367,
      "rouge_l": 0.21052631578947367,
      "bertscore_f1": 0.8107934594154358
    },
    "fconsistency_detail.jsonl": {
      "id": "truth-0047",
      "ng1_prec": 0.11764705882352941,
      "ng1_rec": 1.0,
      "ng1_f1": 0.21052631578947367,
      "ng2_prec": 0.0625,
      "ng2_rec": 1.0,
      "ng2_f1": 0.11764705882352941,
      "ng3_prec": 0.0,
      "ng3_rec": 0.0,
      "ng3_f1": 0.0
    }
  },
  "truth-0088": {
    "metrics_detail.jsonl": {
      "id": "truth-0088",
      "f1": 0.04878048780487806,
      "rouge_l": 0.04878048780487806,
      "bertscore_f1": 0.7967463731765747
    },
    "fconsistency_detail.jsonl": {
      "id": "truth-0088",
      "ng1_prec": 0.025,
      "ng1_rec": 1.0,
      "ng1_f1": 0.04878048780487806,
      "ng2_prec": 0.0,
      "ng2_rec": 0.0,
      "ng2_f1": 0.0,
      "ng3_prec": 0.0,
      "ng3_rec": 0.0,
      "ng3_f1": 0.0
    }
  },
  "truth-0119": {
    "metrics_detail.jsonl": {
      "id": "truth-0119",
      "f1": 0.0,
      "rouge_l": 0.0,
      "bertscore_f1": 0.8010717630386353
    },
    "fconsistency_detail.jsonl": {
      "id": "truth-0119",
      "ng1_prec": 0.0,
      "ng1_rec": 0.0,
      "ng1_f1": 0.0,
      "ng2_prec": 0.0,
      "ng2_rec": 0.0,
      "ng2_f1": 0.0,
      "ng3_prec": 0.0,
      "ng3_rec": 0.0,
      "ng3_f1": 0.0
    }
  },
  "truth-0134": {
    "metrics_detail.jsonl": {
      "id": "truth-0134",
      "f1": 0.0,
      "rouge_l": 0.0,
      "bertscore_f1": 0.7923982739448547
    },
    "fconsistency_detail.jsonl": {
      "id": "truth-0134",
      "ng1_prec": 0.0,
      "ng1_rec": 0.0,
      "ng1_f1": 0.0,
      "ng2_prec": 0.0,
      "ng2_rec": 0.0,
      "ng2_f1": 0.0,
      "ng3_prec": 0.0,
      "ng3_rec": 0.0,
      "ng3_f1": 0.0
    }
  },
  "truth-0116": {
    "metrics_detail.jsonl": {
      "id": "truth-0116",
      "f1": 0.0,
      "rouge_l": 0.0,
      "bertscore_f1": 0.794198215007782
    },
    "fconsistency_detail.jsonl": {
      "id": "truth-0116",
      "ng1_prec": 0.0,
      "ng1_rec": 0.0,
      "ng1_f1": 0.0,
      "ng2_prec": 0.0,
      "ng2_rec": 0.0,
      "ng2_f1": 0.0,
      "ng3_prec": 0.0,
      "ng3_rec": 0.0,
      "ng3_f1": 0.0
    }
  },
  "truth-0097": {
    "metrics_detail.jsonl": {
      "id": "truth-0097",
      "f1": 0.04545454545454545,
      "rouge_l": 0.04545454545454545,
      "bertscore_f1": 0.787953794002533
    },
    "fconsistency_detail.jsonl": {
      "id": "truth-0097",
      "ng1_prec": 0.023255813953488372,
      "ng1_rec": 1.0,
      "ng1_f1": 0.04545454545454545,
      "ng2_prec": 0.0,
      "ng2_rec": 0.0,
      "ng2_f1": 0.0,
      "ng3_prec": 0.0,
      "ng3_rec": 0.0,
      "ng3_f1": 0.0
    }
  },
  "truth-0062": {
    "metrics_detail.jsonl": {
      "id": "truth-0062",
      "f1": 0.0,
      "rouge_l": 0.0,
      "bertscore_f1": 0.8079708218574524
    },
    "fconsistency_detail.jsonl": {
      "id": "truth-0062",
      "ng1_prec": 0.0,
      "ng1_rec": 0.0,
      "ng1_f1": 0.0,
      "ng2_prec": 0.0,
      "ng2_rec": 0.0,
      "ng2_f1": 0.0,
      "ng3_prec": 0.0,
      "ng3_rec": 0.0,
      "ng3_f1": 0.0
    }
  },
  "truth-0015": {
    "metrics_detail.jsonl": {
      "id": "truth-0015",
      "f1": 0.0,
      "rouge_l": 0.0,
      "bertscore_f1": 0.8141739964485168
    },
    "fconsistency_detail.jsonl": {
      "id": "truth-0015",
      "ng1_prec": 0.0,
      "ng1_rec": 0.0,
      "ng1_f1": 0.0,
      "ng2_prec": 0.0,
      "ng2_rec": 0.0,
      "ng2_f1": 0.0,
      "ng3_prec": 0.0,
      "ng3_rec": 0.0,
      "ng3_f1": 0.0
    }
  },
  "truth-0036": {
    "metrics_detail.jsonl": {
      "id": "truth-0036",
      "f1": 0.0,
      "rouge_l": 0.0,
      "bertscore_f1": 0.8027783036231995
    },
    "fconsistency_detail.jsonl": {
      "id": "truth-0036",
      "ng1_prec": 0.0,
      "ng1_rec": 0.0,
      "ng1_f1": 0.0,
      "ng2_prec": 0.0,
      "ng2_rec": 0.0,
      "ng2_f1": 0.0,
      "ng3_prec": 0.0,
      "ng3_rec": 0.0,
      "ng3_f1": 0.0
    }
  },
  "truth-0001": {
    "metrics_detail.jsonl": {
      "id": "truth-0001",
      "f1": 0.0,
      "rouge_l": 0.0,
      "bertscore_f1": 0.794387936592102
    },
    "fconsistency_detail.jsonl": {
      "id": "truth-0001",
      "ng1_prec": 0.0,
      "ng1_rec": 0.0,
      "ng1_f1": 0.0,
      "ng2_prec": 0.0,
      "ng2_rec": 0.0,
      "ng2_f1": 0.0,
      "ng3_prec": 0.0,
      "ng3_rec": 0.0,
      "ng3_f1": 0.0
    }
  },
  "truth-0030": {
    "metrics_detail.jsonl": {
      "id": "truth-0030",
      "f1": 0.15384615384615385,
      "rouge_l": 0.15384615384615385,
      "bertscore_f1": 0.8073682188987732
    },
    "fconsistency_detail.jsonl": {
      "id": "truth-0030",
      "ng1_prec": 0.08333333333333333,
      "ng1_rec": 1.0,
      "ng1_f1": 0.15384615384615385,
      "ng2_prec": 0.0,
      "ng2_rec": 0.0,
      "ng2_f1": 0.0,
      "ng3_prec": 0.0,
      "ng3_rec": 0.0,
      "ng3_f1": 0.0
    }
  },
  "truth-0109": {
    "metrics_detail.jsonl": {
      "id": "truth-0109",
      "f1": 0.1111111111111111,
      "rouge_l": 0.1111111111111111,
      "bertscore_f1": 0.8335742950439453
    },