{
  "truth-0003": {
    "metrics_detail.jsonl": {
      "id": "truth-0003",
      "f1": 0.1111111111111111,
      "rouge_l": 0.05555555555555555,
      "bertscore_f1": 0.8641020059585571
    },
    "fconsistency_detail.jsonl": {
      "id": "truth-0003",
      "ng1_prec": 0.06451612903225806,
      "ng1_rec": 0.4,
      "ng1_f1": 0.1111111111111111,
      "ng2_prec": 0.0,
      "ng2_rec": 0.0,
      "ng2_f1": 0.0,
      "ng3_prec": 0.0,
      "ng3_rec": 0.0,
      "ng3_f1": 0.0
    }
  },
  "truth-0135": {
    "metrics_detail.jsonl": {
      "id": "truth-0135",
      "f1": 0.07865168539325842,
      "rouge_l": 0.07865168539325842,
      "bertscore_f1": 0.8330425024032593
    },
    "fconsistency_detail.jsonl": {
      "id": "truth-0135",
      "ng1_prec": 0.04093567251461988,
      "ng1_rec": 1.0,
      "ng1_f1": 0.07865168539325842,
      "ng2_prec": 0.01764705882352941,
      "ng2_rec": 0.5,
      "ng2_f1": 0.03409090909090909,
      "ng3_prec": 0.0,
      "ng3_rec": 0.0,
      "ng3_f1": 0.0
    }
  },
  "truth-0012": {
    "metrics_detail.jsonl": {
      "id": "truth-0012",
      "f1": 0.25925925925925924,
      "rouge_l": 0.18518518518518517,
      "bertscore_f1": 0.8920606374740601
    },
    "fconsistency_detail.jsonl": {
      "id": "truth-0012",
      "ng1_prec": 0.14893617021276595,
      "ng1_rec": 1.0,
      "ng1_f1": 0.25925925925925924,
      "ng2_prec": 0.10869565217391304,
      "ng2_rec": 0.8333333333333334,
      "ng2_f1": 0.1923076923076923,
      "ng3_prec": 0.06666666666666667,
      "ng3_rec": 0.6,
      "ng3_f1": 0.12000000000000001
    }
  },
  "truth-0020": {
    "metrics_detail.jsonl": {
      "id": "truth-0020",
      "f1": 0.17777777777777778,
      "rouge_l": 0.17777777777777778,
      "bertscore_f1": 0.8516682386398315
    },
    "fconsistency_detail.jsonl": {
      "id": "truth-0020",
      "ng1_prec": 0.10526315789473684,
      "ng1_rec": 0.5714285714285714,
      "ng1_f1": 0.17777777777777778,
      "ng2_prec": 0.05405405405405406,
      "ng2_rec": 0.3333333333333333,
      "ng2_f1": 0.09302325581395349,
      "ng3_prec": 0.0,
      "ng3_rec": 0.0,
      "ng3_f1": 0.0
    }
  },
  "truth-0130": {
    "metrics_detail.jsonl": {
      "id": "truth-0130",
      "f1": 0.0625,
      "rouge_l": 0.0625,
      "bertscore_f1": 0.7833395004272461
    },
    "fconsistency_detail.jsonl": {
      "id": "truth-0130",
      "ng1_prec": 0.03333333333333333,
      "ng1_rec": 0.5,
      "ng1_f1": 0.0625,
      "ng2_prec": 0.0,
      "ng2_rec": 0.0,
      "ng2_f1": 0.0,
      "ng3_prec": 0.0,
      "ng3_rec": 0.0,
      "ng3_f1": 0.0
    }
  },
  "truth-0006": {
    "metrics_detail.jsonl": {
      "id": "truth-0006",
      "f1": 0.1081081081081081,
      "rouge_l": 0.10738255033557045,
      "bertscore_f1": 0.8622135519981384
    },
    "fconsistency_detail.jsonl": {
      "id": "truth-0006",
      "ng1_prec": 0.05714285714285714,
      "ng1_rec": 1.0,
      "ng1_f1": 0.1081081081081081,
      "ng2_prec": 0.050359712230215826,
      "ng2_rec": 0.875,
      "ng2_f1": 0.09523809523809523,
      "ng3_prec": 0.043478260869565216,
      "ng3_rec": 0.8571428571428571,
      "ng3_f1": 0.08275862068965517
    }
  },
  "truth-0143": {
    "metrics_detail.jsonl": {
      "id": "truth-0143",
      "f1": 0.057971014492753624,
      "rouge_l": 0.057971014492753624,
      "bertscore_f1": 0.8069803714752197
    },
    "fconsistency_detail.jsonl": {
      "id": "truth-0143",
      "ng1_prec": 0.03125,
      "ng1_rec": 0.4,
      "ng1_f1": 0.057971014492753624,
      "ng2_prec": 0.0,
      "ng2_rec": 0.0,
      "ng2_f1": 0.0,
      "ng3_prec": 0.0,
      "ng3_rec": 0.0,
      "ng3_f1": 0.0
    }
  },
  "truth-0039": {
    "metrics_detail.jsonl": {
      "id": "truth-0039",
      "f1": 0.05263157894736842,
      "rouge_l": 0.05263157894736842,
      "bertscore_f1": 0.8360967636108398
    },
    "fconsistency_detail.jsonl": {
      "id": "truth-0039",
      "ng1_prec": 0.027777777777777776,
      "ng1_rec": 0.5,
      "ng1_f1": 0.05263157894736842,
      "ng2_prec": 0.014084507042253521,
      "ng2_rec": 0.3333333333333333,
      "ng2_f1": 0.027027027027027032,
      "ng3_prec": 0.0,
      "ng3_rec": 0.0,
      "ng3_f1": 0.0
    }
  },
  "truth-0137": {
    "metrics_detail.jsonl": {
      "id": "truth-0137",
      "f1": 0.20833333333333334,
      "rouge_l": 0.13636363636363635,
      "bertscore_f1": 0.8505794405937195
    },
    "fconsistency_detail.jsonl": {
      "id": "truth-0137",
      "ng1_prec": 0.1282051282051282,
      "ng1_rec": 0.5555555555555556,
      "ng1_f1": 0.20833333333333334,
      "ng2_prec": 0.0,
      "ng2_rec": 0.0,
      "ng2_f1": 0.0,
      "ng3_prec": 0.0,
      "ng3_rec": 0.0,
      "ng3_f1": 0.0
    }
  },
  "truth-0096": {
    "metrics_detail.jsonl": {
      "id": "truth-0096",
      "f1": 0.1565217391304348,
      "rouge_l": 0.1217391304347826,
      "bertscore_f1": 0.8659145832061768
    },
    "fconsistency_detail.jsonl": {
      "id": "truth-0096",
      "ng1_prec": 0.08571428571428572,
      "ng1_rec": 0.9,
      "ng1_f1": 0.1565217391304348,
      "ng2_prec": 0.038461538461538464,
      "ng2_rec": 0.4444444444444444,
      "ng2_f1": 0.07079646017699116,
      "ng3_prec": 0.019417475728155338,
      "ng3_rec": 0.25,
      "ng3_f1": 0.036036036036036036
    }
  },
  "truth-0136": {
    "metrics_detail.jsonl": {
      "id": "truth-0136",
      "f1": 0.17307692307692307,
      "rouge_l": 0.13999999999999999,
      "bertscore_f1": 0.84776371717453
    },
    "fconsistency_detail.jsonl": {
      "id": "truth-0136",
      "ng1_prec": 0.0989010989010989,
      "ng1_rec": 0.6923076923076923,
      "ng1_f1": 0.17307692307692307,
      "ng2_prec": 0.044444444444444446,
      "ng2_rec": 0.5,
      "ng2_f1": 0.0816326530612245,
      "ng3_prec": 0.011235955056179775,
      "ng3_rec": 0.14285714285714285,
      "ng3_f1": 0.020833333333333332
    }
  },
  "truth-0099": {
    "metrics_detail.jsonl": {
      "id": "truth-0099",
      "f1": 0.05263157894736842,
      "rouge_l": 0.02631578947368421,
      "bertscore_f1": 0.8097699284553528
    },
    "fconsistency_detail.jsonl": {
      "id": "truth-0099",
      "ng1_prec": 0.028169014084507043,
      "ng1_rec": 0.4,
      "ng1_f1": 0.05263157894736842,
      "ng2_prec": 0.0,
      "ng2_rec": 0.0,
      "ng2_f1": 0.0,
      "ng3_prec": 0.0,
      "ng3_rec": 0.0,
      "ng3_f1": 0.0
    }
  },
  "truth-0111": {
    "metrics_detail.jsonl": {
      "id": "truth-0111",
      "f1": 0.07272727272727272,
      "rouge_l": 0.07272727272727272,
      "bertscore_f1": 0.8392840027809143
    },
    "fconsistency_detail.jsonl": {
      "id": "truth-0111",
      "ng1_prec": 0.038834951456310676,
      "ng1_rec": 0.5714285714285714,
      "ng1_f1": 0.07272727272727272,
      "ng2_prec": 0.024390243902439025,
      "ng2_rec": 0.7142857142857143,
      "ng2_f1": 0.04716981132075472,
      "ng3_prec": 0.014705882352941176,
      "ng3_rec": 0.5,
      "ng3_f1": 0.028571428571428574
    }
  },
  "truth-0128": {
    "metrics_detail.jsonl": {
      "id": "truth-0128",
      "f1": 0.6923076923076923,
      "rouge_l": 0.6923076923076923,
      "bertscore_f1": 0.9511381983757019
    },
    "fconsistency_detail.jsonl": {
      "id": "truth-0128",
      "ng1_prec": 0.5625,
      "ng1_rec": 0.9,
      "ng1_f1": 0.6923076923076923,
      "ng2_prec": 0.4666666666666667,
      "ng2_rec": 0.7777777777777778,
      "ng2_f1": 0.5833333333333334,
      "ng3_prec": 0.35714285714285715,
      "ng3_rec": 0.625,
      "ng3_f1": 0.45454545454545453
    }
  },
  "truth-0001": {
    "metrics_detail.jsonl": {
      "id": "truth-0001",
      "f1": 0.2857142857142857,
      "rouge_l": 0.17857142857142855,
      "bertscore_f1": 0.8840314149856567
    },
    "fconsistency_detail.jsonl": {
      "id": "truth-0001",
      "ng1_prec": 0.1702127659574468,
      "ng1_rec": 0.8888888888888888,
      "ng1_f1": 0.2857142857142857,
      "ng2_prec": 0.07526881720430108,
      "ng2_rec": 1.0,
      "ng2_f1": 0.14,