{
  "truth-0003": {
    "metrics_detail.jsonl": {
      "id": "truth-0003",
      "f1": 0.11320754716981132,
      "rouge_l": 0.07547169811320754,
      "bertscore_f1": 0.8516201376914978
    },
    "fconsistency_detail.jsonl": {
      "id": "truth-0003",
      "ng1_prec": 0.0625,
      "ng1_rec": 0.6,
      "ng1_f1": 0.11320754716981132,
      "ng2_prec": 0.02127659574468085,
      "ng2_rec": 0.25,
      "ng2_f1": 0.0392156862745098,
      "ng3_prec": 0.0,
      "ng3_rec": 0.0,
      "ng3_f1": 0.0
    }
  },
  "truth-0135": {
    "metrics_detail.jsonl": {
      "id": "truth-0135",
      "f1": 0.075,
      "rouge_l": 0.075,
      "bertscore_f1": 0.856363832950592
    },
    "fconsistency_detail.jsonl": {
      "id": "truth-0135",
      "ng1_prec": 0.0392156862745098,
      "ng1_rec": 0.8571428571428571,
      "ng1_f1": 0.075,
      "ng2_prec": 0.019736842105263157,
      "ng2_rec": 0.5,
      "ng2_f1": 0.03797468354430379,
      "ng3_prec": 0.0,
      "ng3_rec": 0.0,
      "ng3_f1": 0.0
    }
  },
  "truth-0012": {
    "metrics_detail.jsonl": {
      "id": "truth-0012",
      "f1": 0.2857142857142857,
      "rouge_l": 0.2040816326530612,
      "bertscore_f1": 0.8860974311828613
    },
    "fconsistency_detail.jsonl": {
      "id": "truth-0012",
      "ng1_prec": 0.16666666666666666,
      "ng1_rec": 1.0,
      "ng1_f1": 0.2857142857142857,
      "ng2_prec": 0.0975609756097561,
      "ng2_rec": 0.6666666666666666,
      "ng2_f1": 0.1702127659574468,
      "ng3_prec": 0.075,
      "ng3_rec": 0.6,
      "ng3_f1": 0.13333333333333333
    }
  },
  "truth-0020": {
    "metrics_detail.jsonl": {
      "id": "truth-0020",
      "f1": 0.18181818181818182,
      "rouge_l": 0.18181818181818182,
      "bertscore_f1": 0.8363770842552185
    },
    "fconsistency_detail.jsonl": {
      "id": "truth-0020",
      "ng1_prec": 0.13333333333333333,
      "ng1_rec": 0.2857142857142857,
      "ng1_f1": 0.18181818181818182,
      "ng2_prec": 0.0,
      "ng2_rec": 0.0,
      "ng2_f1": 0.0,
      "ng3_prec": 0.0,
      "ng3_rec": 0.0,
      "ng3_f1": 0.0
    }
  },
  "truth-0130": {
    "metrics_detail.jsonl": {
      "id": "truth-0130",
      "f1": 0.03125,
      "rouge_l": 0.03125,
      "bertscore_f1": 0.7665536403656006
    },
    "fconsistency_detail.jsonl": {
      "id": "truth-0130",
      "ng1_prec": 0.016666666666666666,
      "ng1_rec": 0.25,
      "ng1_f1": 0.03125,
      "ng2_prec": 0.0,
      "ng2_rec": 0.0,
      "ng2_f1": 0.0,
      "ng3_prec": 0.0,
      "ng3_rec": 0.0,
      "ng3_f1": 0.0
    }
  },
  "truth-0006": {
    "metrics_detail.jsonl": {
      "id": "truth-0006",
      "f1": 0.13675213675213674,
      "rouge_l": 0.13675213675213674,
      "bertscore_f1": 0.8730233907699585
    },
    "fconsistency_detail.jsonl": {
      "id": "truth-0006",
      "ng1_prec": 0.07407407407407407,
      "ng1_rec": 0.8888888888888888,
      "ng1_f1": 0.13675213675213674,
      "ng2_prec": 0.06542056074766354,
      "ng2_rec": 0.875,
      "ng2_f1": 0.12173913043478259,
      "ng3_prec": 0.05660377358490566,
      "ng3_rec": 0.8571428571428571,
      "ng3_f1": 0.10619469026548672
    }
  },
  "truth-0143": {
    "metrics_detail.jsonl": {
      "id": "truth-0143",
      "f1": 0.04597701149425288,
      "rouge_l": 0.02298850574712644,
      "bertscore_f1": 0.8057078719139099
    },
    "fconsistency_detail.jsonl": {
      "id": "truth-0143",
      "ng1_prec": 0.024390243902439025,
      "ng1_rec": 0.4,
      "ng1_f1": 0.04597701149425288,
      "ng2_prec": 0.0,
      "ng2_rec": 0.0,
      "ng2_f1": 0.0,
      "ng3_prec": 0.0,
      "ng3_rec": 0.0,
      "ng3_f1": 0.0
    }
  },
  "truth-0039": {
    "metrics_detail.jsonl": {
      "id": "truth-0039",
      "f1": 0.0547945205479452,
      "rouge_l": 0.0547945205479452,
      "bertscore_f1": 0.8388091325759888
    },
    "fconsistency_detail.jsonl": {
      "id": "truth-0039",
      "ng1_prec": 0.028985507246376812,
      "ng1_rec": 0.5,
      "ng1_f1": 0.0547945205479452,
      "ng2_prec": 0.014705882352941176,
      "ng2_rec": 0.3333333333333333,
      "ng2_f1": 0.028169014084507043,
      "ng3_prec": 0.0,
      "ng3_rec": 0.0,
      "ng3_f1": 0.0
    }
  },
  "truth-0137": {
    "metrics_detail.jsonl": {
      "id": "truth-0137",
      "f1": 0.20833333333333334,
      "rouge_l": 0.13636363636363635,
      "bertscore_f1": 0.8498863577842712
    },
    "fconsistency_detail.jsonl": {
      "id": "truth-0137",
      "ng1_prec": 0.1282051282051282,
      "ng1_rec": 0.5555555555555556,
      "ng1_f1": 0.20833333333333334,
      "ng2_prec": 0.0,
      "ng2_rec": 0.0,
      "ng2_f1": 0.0,
      "ng3_prec": 0.0,
      "ng3_rec": 0.0,
      "ng3_f1": 0.0
    }
  },
  "truth-0096": {
    "metrics_detail.jsonl": {
      "id": "truth-0096",
      "f1": 0.13008130081300812,
      "rouge_l": 0.0975609756097561,
      "bertscore_f1": 0.8618185520172119
    },
    "fconsistency_detail.jsonl": {
      "id": "truth-0096",
      "ng1_prec": 0.07079646017699115,
      "ng1_rec": 0.8,
      "ng1_f1": 0.13008130081300812,
      "ng2_prec": 0.03571428571428571,
      "ng2_rec": 0.4444444444444444,
      "ng2_f1": 0.06611570247933884,
      "ng3_prec": 0.018018018018018018,
      "ng3_rec": 0.25,
      "ng3_f1": 0.03361344537815126
    }
  },
  "truth-0136": {
    "metrics_detail.jsonl": {
      "id": "truth-0136",
      "f1": 0.15789473684210525,
      "rouge_l": 0.1272727272727273,
      "bertscore_f1": 0.844365119934082
    },
    "fconsistency_detail.jsonl": {
      "id": "truth-0136",
      "ng1_prec": 0.0891089108910891,
      "ng1_rec": 0.6923076923076923,
      "ng1_f1": 0.15789473684210525,
      "ng2_prec": 0.04,
      "ng2_rec": 0.5,
      "ng2_f1": 0.07407407407407407,
      "ng3_prec": 0.010101010101010102,
      "ng3_rec": 0.14285714285714285,
      "ng3_f1": 0.018867924528301886
    }
  },
  "truth-0099": {
    "metrics_detail.jsonl": {
      "id": "truth-0099",
      "f1": 0.05128205128205128,
      "rouge_l": 0.02564102564102564,
      "bertscore_f1": 0.8050797581672668
    },
    "fconsistency_detail.jsonl": {
      "id": "truth-0099",
      "ng1_prec": 0.0273972602739726,
      "ng1_rec": 0.4,
      "ng1_f1": 0.05128205128205128,
      "ng2_prec": 0.0,
      "ng2_rec": 0.0,
      "ng2_f1": 0.0,
      "ng3_prec": 0.0,
      "ng3_rec": 0.0,
      "ng3_f1": 0.0
    }
  },
  "truth-0111": {
    "metrics_detail.jsonl": {
      "id": "truth-0111",
      "f1": 0.0784313725490196,
      "rouge_l": 0.0784313725490196,
      "bertscore_f1": 0.8309290409088135
    },
    "fconsistency_detail.jsonl": {
      "id": "truth-0111",
      "ng1_prec": 0.042105263157894736,
      "ng1_rec": 0.5714285714285714,
      "ng1_f1": 0.0784313725490196,
      "ng2_prec": 0.021164021164021163,
      "ng2_rec": 0.5714285714285714,
      "ng2_f1": 0.04081632653061224,
      "ng3_prec": 0.010638297872340425,
      "ng3_rec": 0.16666666666666666,
      "ng3_f1": 0.02
    }
  },
  "truth-0128": {
    "metrics_detail.jsonl": {
      "id": "truth-0128",
      "f1": 0.2608695652173913,
      "rouge_l": 0.2608695652173913,
      "bertscore_f1": 0.885692834854126
    },
    "fconsistency_detail.jsonl": {
      "id": "truth-0128",
      "ng1_prec": 0.15789473684210525,
      "ng1_rec": 0.75,
      "ng1_f1": 0.2608695652173913,
      "ng2_prec": 0.08108108108108109,
      "ng2_rec": 0.42857142857142855,
      "ng2_f1": 0.13636363636363638,
      "ng3_prec": 0.027777777777777776,
      "ng3_rec": 0.16666666666666666,
      "ng3_f1": 0.04761904761904762
    }
  },
  "truth-0001": {
    "metrics_detail.jsonl": {
      "id": "truth-0001",
      "f1": 0.25,
      "rouge_l": 0.171875,
      "bertscore_f1": 0.8803574442863464
    },
    "fconsistency_detail.jsonl": {
      "id": "truth-0001",
      "ng1_prec": 0.14545454545454545,
      "ng1_rec": 0.8888888888888888,
      "ng1_f1": 0.25,
      "ng2_prec": 0.06422018348623854,
      "ng2_rec": 1.0,
      "ng2_f1": 0.1206896551724138,
      "ng3_prec": 0.05555555555555555,
      "ng3_rec": 1.0,