{
  "truth-0127": {
    "metrics_detail.jsonl": {
      "id": "truth-0127",
      "f1": 0.0,
      "rouge_l": 0.0,
      "bertscore_f1": 0.7644485235214233
    },
    "fconsistency_detail.jsonl": {
      "id": "truth-0127",
      "ng1_prec": 0.0072992700729927005,
      "ng1_rec": 1.0,
      "ng1_f1": 0.014492753623188404,
      "ng2_prec": 0.0,
      "ng2_rec": 0.0,
      "ng2_f1": 0.0,
      "ng3_prec": 0.0,
      "ng3_rec": 0.0,
      "ng3_f1": 0.0
    }
  },
  "truth-0003": {
    "metrics_detail.jsonl": {
      "id": "truth-0003",
      "f1": 0.0,
      "rouge_l": 0.0,
      "bertscore_f1": 0.7671641111373901
    },
    "fconsistency_detail.jsonl": {
      "id": "truth-0003",
      "ng1_prec": 0.007352941176470588,
      "ng1_rec": 1.0,
      "ng1_f1": 0.014598540145985401,
      "ng2_prec": 0.0,
      "ng2_rec": 0.0,
      "ng2_f1": 0.0,
      "ng3_prec": 0.0,
      "ng3_rec": 0.0,
      "ng3_f1": 0.0
    }
  },
  "truth-0092": {
    "metrics_detail.jsonl": {
      "id": "truth-0092",
      "f1": 0.0,
      "rouge_l": 0.0,
      "bertscore_f1": 0.7701916098594666
    },
    "fconsistency_detail.jsonl": {
      "id": "truth-0092",
      "ng1_prec": 0.006622516556291391,
      "ng1_rec": 1.0,
      "ng1_f1": 0.013157894736842105,
      "ng2_prec": 0.0,
      "ng2_rec": 0.0,
      "ng2_f1": 0.0,
      "ng3_prec": 0.0,
      "ng3_rec": 0.0,
      "ng3_f1": 0.0
    }
  },
  "truth-0123": {
    "metrics_detail.jsonl": {
      "id": "truth-0123",
      "f1": 0.0,
      "rouge_l": 0.0,
      "bertscore_f1": 0.7724097371101379
    },
    "fconsistency_detail.jsonl": {
      "id": "truth-0123",
      "ng1_prec": 0.006711409395973154,
      "ng1_rec": 1.0,
      "ng1_f1": 0.013333333333333332,
      "ng2_prec": 0.0,
      "ng2_rec": 0.0,
      "ng2_f1": 0.0,
      "ng3_prec": 0.0,
      "ng3_rec": 0.0,
      "ng3_f1": 0.0
    }
  },
  "truth-0130": {
    "metrics_detail.jsonl": {
      "id": "truth-0130",
      "f1": 0.01234567901234568,
      "rouge_l": 0.01234567901234568,
      "bertscore_f1": 0.7581615447998047
    },
    "fconsistency_detail.jsonl": {
      "id": "truth-0130",
      "ng1_prec": 0.006211180124223602,
      "ng1_rec": 1.0,
      "ng1_f1": 0.01234567901234568,
      "ng2_prec": 0.0,
      "ng2_rec": 0.0,
      "ng2_f1": 0.0,
      "ng3_prec": 0.0,
      "ng3_rec": 0.0,
      "ng3_f1": 0.0
    }
  },
  "truth-0083": {
    "metrics_detail.jsonl": {
      "id": "truth-0083",
      "f1": 0.015037593984962407,
      "rouge_l": 0.015037593984962407,
      "bertscore_f1": 0.7733367681503296
    },
    "fconsistency_detail.jsonl": {
      "id": "truth-0083",
      "ng1_prec": 0.007575757575757576,
      "ng1_rec": 1.0,
      "ng1_f1": 0.015037593984962407,
      "ng2_prec": 0.0,
      "ng2_rec": 0.0,
      "ng2_f1": 0.0,
      "ng3_prec": 0.0,
      "ng3_rec": 0.0,
      "ng3_f1": 0.0
    }
  },
  "truth-0039": {
    "metrics_detail.jsonl": {
      "id": "truth-0039",
      "f1": 0.0,
      "rouge_l": 0.0,
      "bertscore_f1": 0.7683781385421753
    },
    "fconsistency_detail.jsonl": {
      "id": "truth-0039",
      "ng1_prec": 0.006666666666666667,
      "ng1_rec": 1.0,
      "ng1_f1": 0.013245033112582783,
      "ng2_prec": 0.0,
      "ng2_rec": 0.0,
      "ng2_f1": 0.0,
      "ng3_prec": 0.0,
      "ng3_rec": 0.0,
      "ng3_f1": 0.0
    }
  },
  "truth-0131": {
    "metrics_detail.jsonl": {
      "id": "truth-0131",
      "f1": 0.023529411764705882,
      "rouge_l": 0.023529411764705882,
      "bertscore_f1": 0.7611629366874695
    },
    "fconsistency_detail.jsonl": {
      "id": "truth-0131",
      "ng1_prec": 0.011904761904761904,
      "ng1_rec": 1.0,
      "ng1_f1": 0.023529411764705882,
      "ng2_prec": 0.0,
      "ng2_rec": 0.0,
      "ng2_f1": 0.0,
      "ng3_prec": 0.0,
      "ng3_rec": 0.0,
      "ng3_f1": 0.0
    }
  },
  "truth-0038": {
    "metrics_detail.jsonl": {
      "id": "truth-0038",
      "f1": 0.0,
      "rouge_l": 0.0,
      "bertscore_f1": 0.7734917402267456
    },
    "fconsistency_detail.jsonl": {
      "id": "truth-0038",
      "ng1_prec": 0.006802721088435374,
      "ng1_rec": 1.0,
      "ng1_f1": 0.013513513513513513,
      "ng2_prec": 0.0,
      "ng2_rec": 0.0,
      "ng2_f1": 0.0,
      "ng3_prec": 0.0,
      "ng3_rec": 0.0,
      "ng3_f1": 0.0
    }
  },
  "truth-0119": {
    "metrics_detail.jsonl": {
      "id": "truth-0119",
      "f1": 0.0,
      "rouge_l": 0.0,
      "bertscore_f1": 0.7753947973251343
    },
    "fconsistency_detail.jsonl": {
      "id": "truth-0119",
      "ng1_prec": 0.008928571428571428,
      "ng1_rec": 1.0,
      "ng1_f1": 0.017699115044247787,
      "ng2_prec": 0.0,
      "ng2_rec": 0.0,
      "ng2_f1": 0.0,
      "ng3_prec": 0.0,
      "ng3_rec": 0.0,
      "ng3_f1": 0.0
    }
  },
  "truth-0136": {
    "metrics_detail.jsonl": {
      "id": "truth-0136",
      "f1": 0.0,
      "rouge_l": 0.0,
      "bertscore_f1": 0.784363329410553
    },
    "fconsistency_detail.jsonl": {
      "id": "truth-0136",
      "ng1_prec": 0.0058823529411764705,
      "ng1_rec": 1.0,
      "ng1_f1": 0.011695906432748537,
      "ng2_prec": 0.0,
      "ng2_rec": 0.0,
      "ng2_f1": 0.0,
      "ng3_prec": 0.0,
      "ng3_rec": 0.0,
      "ng3_f1": 0.0
    }
  },
  "truth-0032": {
    "metrics_detail.jsonl": {
      "id": "truth-0032",
      "f1": 0.0,
      "rouge_l": 0.0,
      "bertscore_f1": 0.7493921518325806
    },
    "fconsistency_detail.jsonl": {
      "id": "truth-0032",
      "ng1_prec": 0.0,
      "ng1_rec": 0.0,
      "ng1_f1": 0.0,
      "ng2_prec": 0.0,
      "ng2_rec": 0.0,
      "ng2_f1": 0.0,
      "ng3_prec": 0.0,
      "ng3_rec": 0.0,
      "ng3_f1": 0.0
    }
  },
  "truth-0134": {
    "metrics_detail.jsonl": {
      "id": "truth-0134",
      "f1": 0.0,
      "rouge_l": 0.0,
      "bertscore_f1": 0.7672958374023438
    },
    "fconsistency_detail.jsonl": {
      "id": "truth-0134",
      "ng1_prec": 0.008130081300813009,
      "ng1_rec": 1.0,
      "ng1_f1": 0.01612903225806452,
      "ng2_prec": 0.0,
      "ng2_rec": 0.0,
      "ng2_f1": 0.0,
      "ng3_prec": 0.0,
      "ng3_rec": 0.0,
      "ng3_f1": 0.0
    }
  },
  "truth-0040": {
    "metrics_detail.jsonl": {
      "id": "truth-0040",
      "f1": 0.0,
      "rouge_l": 0.0,
      "bertscore_f1": 0.7932131290435791
    },
    "fconsistency_detail.jsonl": {
      "id": "truth-0040",
      "ng1_prec": 0.0,
      "ng1_rec": 0.0,
      "ng1_f1": 0.0,
      "ng2_prec": 0.0,
      "ng2_rec": 0.0,
      "ng2_f1": 0.0,
      "ng3_prec": 0.0,
      "ng3_rec": 0.0,
      "ng3_f1": 0.0
    }
  },
  "truth-0128": {
    "metrics_detail.jsonl": {
      "id": "truth-0128",
      "f1": 0.0,
      "rouge_l": 0.0,
      "bertscore_f1": 0.7718009948730469
    },
    "fconsistency_detail.jsonl": {
      "id": "truth-0128",
      "ng1_prec": 0.005952380952380952,
      "ng1_rec": 1.0,
      "ng1_f1": 0.011834319526627219,
      "ng2_prec": 0.0,
      "ng2_rec": 0.0,
      "ng2_f1": 0.0,
      "ng3_prec": 0.0,
      "ng3_rec": 0.0,
      "ng3_f1": 0.0
    }
  },
  "truth-0133": {
    "metrics_detail.jsonl": {
      "id": "truth-0133",
      "f1": 0.0,
      "rouge_l": 0.0,
      "bertscore_f1": 0.7682764530181885
    },
    "fconsistency_detail.jsonl": {
      "id": "truth-0133",
      "ng1_prec": 0.0070921985815602835,
      "ng1_rec": 1.0,
      "ng1_f1": 0.014084507042253521,
      "ng2_prec": 0.0,
      "ng2_rec": 0.0,
      "ng2_f1": 0.0,
      "ng3_prec": 0.0,
      "ng3_rec": 0.0,
      "ng3_f1": 0.0
    }
  },
  "truth-0030": {
    "metrics_detail.jsonl": {
      "id": "truth-0030",
      "f1": 0.01234567901234568,
      "rouge_l": 0.01234567901234568,
      "bertscore_f1": 0.770084798336029
    },
    "fconsistency_detail.jsonl": {
      "id": "truth-0030",
      "ng1_prec": 0.006211180124223602,
      "ng1_rec": 1.0,
      "ng1_f1": 0.01234567901234568,
      "ng2_prec": 0.0,
      "ng2_rec": 0.0,
      "ng2_f1": 0.0,
      "ng3_prec": 0.0,
      "ng3_rec": 0.0,
      "ng3_f1": 0.0
    }
  },