{
  "truth-0003": {
    "metrics_detail.jsonl": {
      "id": "truth-0003",
      "f1": 0.12698412698412698,
      "rouge_l": 0.09523809523809525,
      "bertscore_f1": 0.8494612574577332
    },
    "fconsistency_detail.jsonl": {
      "id": "truth-0003",
      "ng1_prec": 0.06896551724137931,
      "ng1_rec": 0.8,
      "ng1_f1": 0.12698412698412698,
      "ng2_prec": 0.0,
      "ng2_rec": 0.0,
      "ng2_f1": 0.0,
      "ng3_prec": 0.0,
      "ng3_rec": 0.0,
      "ng3_f1": 0.0
    }
  },
  "truth-0135": {
    "metrics_detail.jsonl": {
      "id": "truth-0135",
      "f1": 0.0418848167539267,
      "rouge_l": 0.031578947368421054,
      "bertscore_f1": 0.8229353427886963
    },
    "fconsistency_detail.jsonl": {
      "id": "truth-0135",
      "ng1_prec": 0.02185792349726776,
      "ng1_rec": 0.5,
      "ng1_f1": 0.0418848167539267,
      "ng2_prec": 0.005494505494505495,
      "ng2_rec": 0.16666666666666666,
      "ng2_f1": 0.010638297872340425,
      "ng3_prec": 0.0,
      "ng3_rec": 0.0,
      "ng3_f1": 0.0
    }
  },
  "truth-0012": {
    "metrics_detail.jsonl": {
      "id": "truth-0012",
      "f1": 0.0689655172413793,
      "rouge_l": 0.059113300492610835,
      "bertscore_f1": 0.8515586853027344
    },
    "fconsistency_detail.jsonl": {
      "id": "truth-0012",
      "ng1_prec": 0.03571428571428571,
      "ng1_rec": 1.0,
      "ng1_f1": 0.0689655172413793,
      "ng2_prec": 0.02564102564102564,
      "ng2_rec": 0.8333333333333334,
      "ng2_f1": 0.04975124378109452,
      "ng3_prec": 0.015463917525773196,
      "ng3_rec": 0.6,
      "ng3_f1": 0.03015075376884422
    }
  },
  "truth-0020": {
    "metrics_detail.jsonl": {
      "id": "truth-0020",
      "f1": 0.075,
      "rouge_l": 0.049999999999999996,
      "bertscore_f1": 0.8326365947723389
    },
    "fconsistency_detail.jsonl": {
      "id": "truth-0020",
      "ng1_prec": 0.0392156862745098,
      "ng1_rec": 0.8571428571428571,
      "ng1_f1": 0.075,
      "ng2_prec": 0.006578947368421052,
      "ng2_rec": 0.16666666666666666,
      "ng2_f1": 0.012658227848101266,
      "ng3_prec": 0.0,
      "ng3_rec": 0.0,
      "ng3_f1": 0.0
    }
  },
  "truth-0130": {
    "metrics_detail.jsonl": {
      "id": "truth-0130",
      "f1": 0.014184397163120567,
      "rouge_l": 0.014184397163120567,
      "bertscore_f1": 0.7606196403503418
    },
    "fconsistency_detail.jsonl": {
      "id": "truth-0130",
      "ng1_prec": 0.0072992700729927005,
      "ng1_rec": 0.25,
      "ng1_f1": 0.014184397163120567,
      "ng2_prec": 0.0,
      "ng2_rec": 0.0,
      "ng2_f1": 0.0,
      "ng3_prec": 0.0,
      "ng3_rec": 0.0,
      "ng3_f1": 0.0
    }
  },
  "truth-0006": {
    "metrics_detail.jsonl": {
      "id": "truth-0006",
      "f1": 0.07468879668049792,
      "rouge_l": 0.06751054852320675,
      "bertscore_f1": 0.8383711576461792
    },
    "fconsistency_detail.jsonl": {
      "id": "truth-0006",
      "ng1_prec": 0.039473684210526314,
      "ng1_rec": 0.6923076923076923,
      "ng1_f1": 0.07468879668049792,
      "ng2_prec": 0.022026431718061675,
      "ng2_rec": 0.7142857142857143,
      "ng2_f1": 0.04273504273504274,
      "ng3_prec": 0.01327433628318584,
      "ng3_rec": 0.5,
      "ng3_f1": 0.02586206896551724
    }
  },
  "truth-0143": {
    "metrics_detail.jsonl": {
      "id": "truth-0143",
      "f1": 0.01951219512195122,
      "rouge_l": 0.01951219512195122,
      "bertscore_f1": 0.7536899447441101
    },
    "fconsistency_detail.jsonl": {
      "id": "truth-0143",
      "ng1_prec": 0.009950248756218905,
      "ng1_rec": 0.5,
      "ng1_f1": 0.01951219512195122,
      "ng2_prec": 0.0,
      "ng2_rec": 0.0,
      "ng2_f1": 0.0,
      "ng3_prec": 0.0,
      "ng3_rec": 0.0,
      "ng3_f1": 0.0
    }
  },
  "truth-0039": {
    "metrics_detail.jsonl": {
      "id": "truth-0039",
      "f1": 0.032520325203252036,
      "rouge_l": 0.032520325203252036,
      "bertscore_f1": 0.8270788192749023
    },
    "fconsistency_detail.jsonl": {
      "id": "truth-0039",
      "ng1_prec": 0.01652892561983471,
      "ng1_rec": 1.0,
      "ng1_f1": 0.032520325203252036,
      "ng2_prec": 0.008298755186721992,
      "ng2_rec": 0.6666666666666666,
      "ng2_f1": 0.01639344262295082,
      "ng3_prec": 0.004166666666666667,
      "ng3_rec": 0.5,
      "ng3_f1": 0.008264462809917356
    }
  },
  "truth-0137": {
    "metrics_detail.jsonl": {
      "id": "truth-0137",
      "f1": 0.0427807486631016,
      "rouge_l": 0.0427807486631016,
      "bertscore_f1": 0.8192429542541504
    },
    "fconsistency_detail.jsonl": {
      "id": "truth-0137",
      "ng1_prec": 0.02247191011235955,
      "ng1_rec": 0.4444444444444444,
      "ng1_f1": 0.0427807486631016,
      "ng2_prec": 0.0,
      "ng2_rec": 0.0,
      "ng2_f1": 0.0,
      "ng3_prec": 0.0,
      "ng3_rec": 0.0,
      "ng3_f1": 0.0
    }
  },
  "truth-0096": {
    "metrics_detail.jsonl": {
      "id": "truth-0096",
      "f1": 0.08974358974358974,
      "rouge_l": 0.08333333333333333,
      "bertscore_f1": 0.8415801525115967
    },
    "fconsistency_detail.jsonl": {
      "id": "truth-0096",
      "ng1_prec": 0.04713804713804714,
      "ng1_rec": 0.9333333333333333,
      "ng1_f1": 0.08974358974358974,
      "ng2_prec": 0.030405405405405407,
      "ng2_rec": 0.6428571428571429,
      "ng2_f1": 0.05806451612903227,
      "ng3_prec": 0.020338983050847456,
      "ng3_rec": 0.46153846153846156,
      "ng3_f1": 0.03896103896103896
    }
  },
  "truth-0136": {
    "metrics_detail.jsonl": {
      "id": "truth-0136",
      "f1": 0.2571428571428571,
      "rouge_l": 0.18181818181818182,
      "bertscore_f1": 0.8672152161598206
    },
    "fconsistency_detail.jsonl": {
      "id": "truth-0136",
      "ng1_prec": 0.15789473684210525,
      "ng1_rec": 0.6923076923076923,
      "ng1_f1": 0.2571428571428571,
      "ng2_prec": 0.05357142857142857,
      "ng2_rec": 0.375,
      "ng2_f1": 0.09375,
      "ng3_prec": 0.01818181818181818,
      "ng3_rec": 0.14285714285714285,
      "ng3_f1": 0.032258064516129024
    }
  },
  "truth-0099": {
    "metrics_detail.jsonl": {
      "id": "truth-0099",
      "f1": 0.031413612565445025,
      "rouge_l": 0.031413612565445025,
      "bertscore_f1": 0.7916995882987976
    },
    "fconsistency_detail.jsonl": {
      "id": "truth-0099",
      "ng1_prec": 0.016129032258064516,
      "ng1_rec": 0.6,
      "ng1_f1": 0.031413612565445025,
      "ng2_prec": 0.0,
      "ng2_rec": 0.0,
      "ng2_f1": 0.0,
      "ng3_prec": 0.0,
      "ng3_rec": 0.0,
      "ng3_f1": 0.0
    }
  },
  "truth-0111": {
    "metrics_detail.jsonl": {
      "id": "truth-0111",
      "f1": 0.125,
      "rouge_l": 0.1,
      "bertscore_f1": 0.8406788110733032
    },
    "fconsistency_detail.jsonl": {
      "id": "truth-0111",
      "ng1_prec": 0.0684931506849315,
      "ng1_rec": 0.7142857142857143,
      "ng1_f1": 0.125,
      "ng2_prec": 0.013793103448275862,
      "ng2_rec": 0.2857142857142857,
      "ng2_f1": 0.02631578947368421,
      "ng3_prec": 0.006944444444444444,
      "ng3_rec": 0.16666666666666666,
      "ng3_f1": 0.013333333333333332
    }
  },
  "truth-0128": {
    "metrics_detail.jsonl": {
      "id": "truth-0128",
      "f1": 0.09523809523809525,
      "rouge_l": 0.06486486486486487,
      "bertscore_f1": 0.8446222543716431
    },
    "fconsistency_detail.jsonl": {
      "id": "truth-0128",
      "ng1_prec": 0.05084745762711865,
      "ng1_rec": 0.75,
      "ng1_f1": 0.09523809523809525,
      "ng2_prec": 0.005681818181818182,
      "ng2_rec": 0.09090909090909091,
      "ng2_f1": 0.010695187165775402,
      "ng3_prec": 0.0,
      "ng3_rec": 0.0,
      "ng3_f1": 0.0
    }
  },
  "truth-0001": {
    "metrics_detail.jsonl": {
      "id": "truth-0001",
      "f1": 0.0872093023255814,
      "rouge_l": 0.06976744186046512,
      "bertscore_f1": 0.8418176770210266
    },
    "fconsistency_detail.jsonl": {
      "id": "truth-0001",
      "ng1_prec": 0.046012269938650305,
      "ng1_rec": 0.8333333333333334,
      "ng1_f1": 0.0872093023255814,