{
  "truth-0033": {
    "metrics_detail.jsonl": {
      "id": "truth-0033",
      "f1": 0.0,
      "rouge_l": 0.0,
      "bertscore_f1": 0.7887275218963623
    },
    "fconsistency_detail.jsonl": {
      "id": "truth-0033",
      "ng1_prec": 0.0,
      "ng1_rec": 0.0,
      "ng1_f1": 0.0,
      "ng2_prec": 0.0,
      "ng2_rec": 0.0,
      "ng2_f1": 0.0,
      "ng3_prec": 0.0,
      "ng3_rec": 0.0,
      "ng3_f1": 0.0
    }
  },
  "truth-0100": {
    "metrics_detail.jsonl": {
      "id": "truth-0100",
      "f1": 0.0,
      "rouge_l": 0.0,
      "bertscore_f1": 0.8083135485649109
    },
    "fconsistency_detail.jsonl": {
      "id": "truth-0100",
      "ng1_prec": 0.0,
      "ng1_rec": 0.0,
      "ng1_f1": 0.0,
      "ng2_prec": 0.0,
      "ng2_rec": 0.0,
      "ng2_f1": 0.0,
      "ng3_prec": 0.0,
      "ng3_rec": 0.0,
      "ng3_f1": 0.0
    }
  },
  "truth-0006": {
    "metrics_detail.jsonl": {
      "id": "truth-0006",
      "f1": 0.0,
      "rouge_l": 0.0,
      "bertscore_f1": 0.7748010158538818
    },
    "fconsistency_detail.jsonl": {
      "id": "truth-0006",
      "ng1_prec": 0.0,
      "ng1_rec": 0.0,
      "ng1_f1": 0.0,
      "ng2_prec": 0.0,
      "ng2_rec": 0.0,
      "ng2_f1": 0.0,
      "ng3_prec": 0.0,
      "ng3_rec": 0.0,
      "ng3_f1": 0.0
    }
  },
  "truth-0143": {
    "metrics_detail.jsonl": {
      "id": "truth-0143",
      "f1": 0.0,
      "rouge_l": 0.0,
      "bertscore_f1": 0.7956253290176392
    },
    "fconsistency_detail.jsonl": {
      "id": "truth-0143",
      "ng1_prec": 0.0,
      "ng1_rec": 0.0,
      "ng1_f1": 0.0,
      "ng2_prec": 0.0,
      "ng2_rec": 0.0,
      "ng2_f1": 0.0,
      "ng3_prec": 0.0,
      "ng3_rec": 0.0,
      "ng3_f1": 0.0
    }
  },
  "truth-0083": {
    "metrics_detail.jsonl": {
      "id": "truth-0083",
      "f1": 0.03333333333333333,
      "rouge_l": 0.03333333333333333,
      "bertscore_f1": 0.791313648223877
    },
    "fconsistency_detail.jsonl": {
      "id": "truth-0083",
      "ng1_prec": 0.017094017094017096,
      "ng1_rec": 0.6666666666666666,
      "ng1_f1": 0.03333333333333333,
      "ng2_prec": 0.0,
      "ng2_rec": 0.0,
      "ng2_f1": 0.0,
      "ng3_prec": 0.0,
      "ng3_rec": 0.0,
      "ng3_f1": 0.0
    }
  },
  "truth-0039": {
    "metrics_detail.jsonl": {
      "id": "truth-0039",
      "f1": 0.0,
      "rouge_l": 0.0,
      "bertscore_f1": 0.8124504685401917
    },
    "fconsistency_detail.jsonl": {
      "id": "truth-0039",
      "ng1_prec": 0.0,
      "ng1_rec": 0.0,
      "ng1_f1": 0.0,
      "ng2_prec": 0.0,
      "ng2_rec": 0.0,
      "ng2_f1": 0.0,
      "ng3_prec": 0.0,
      "ng3_rec": 0.0,
      "ng3_f1": 0.0
    }
  },
  "truth-0047": {
    "metrics_detail.jsonl": {
      "id": "truth-0047",
      "f1": 0.0,
      "rouge_l": 0.0,
      "bertscore_f1": 0.7762564420700073
    },
    "fconsistency_detail.jsonl": {
      "id": "truth-0047",
      "ng1_prec": 0.0,
      "ng1_rec": 0.0,
      "ng1_f1": 0.0,
      "ng2_prec": 0.0,
      "ng2_rec": 0.0,
      "ng2_f1": 0.0,
      "ng3_prec": 0.0,
      "ng3_rec": 0.0,
      "ng3_f1": 0.0
    }
  },
  "truth-0088": {
    "metrics_detail.jsonl": {
      "id": "truth-0088",
      "f1": 0.0,
      "rouge_l": 0.0,
      "bertscore_f1": 0.788977324962616
    },
    "fconsistency_detail.jsonl": {
      "id": "truth-0088",
      "ng1_prec": 0.0,
      "ng1_rec": 0.0,
      "ng1_f1": 0.0,
      "ng2_prec": 0.0,
      "ng2_rec": 0.0,
      "ng2_f1": 0.0,
      "ng3_prec": 0.0,
      "ng3_rec": 0.0,
      "ng3_f1": 0.0
    }
  },
  "truth-0119": {
    "metrics_detail.jsonl": {
      "id": "truth-0119",
      "f1": 0.0,
      "rouge_l": 0.0,
      "bertscore_f1": 0.7955932021141052
    },
    "fconsistency_detail.jsonl": {
      "id": "truth-0119",
      "ng1_prec": 0.0,
      "ng1_rec": 0.0,
      "ng1_f1": 0.0,
      "ng2_prec": 0.0,
      "ng2_rec": 0.0,
      "ng2_f1": 0.0,
      "ng3_prec": 0.0,
      "ng3_rec": 0.0,
      "ng3_f1": 0.0
    }
  },
  "truth-0134": {
    "metrics_detail.jsonl": {
      "id": "truth-0134",
      "f1": 0.0,
      "rouge_l": 0.0,
      "bertscore_f1": 0.7977843880653381
    },
    "fconsistency_detail.jsonl": {
      "id": "truth-0134",
      "ng1_prec": 0.0,
      "ng1_rec": 0.0,
      "ng1_f1": 0.0,
      "ng2_prec": 0.0,
      "ng2_rec": 0.0,
      "ng2_f1": 0.0,
      "ng3_prec": 0.0,
      "ng3_rec": 0.0,
      "ng3_f1": 0.0
    }
  },
  "truth-0116": {
    "metrics_detail.jsonl": {
      "id": "truth-0116",
      "f1": 0.09523809523809523,
      "rouge_l": 0.06349206349206349,
      "bertscore_f1": 0.8026452660560608
    },
    "fconsistency_detail.jsonl": {
      "id": "truth-0116",
      "ng1_prec": 0.05,
      "ng1_rec": 1.0,
      "ng1_f1": 0.09523809523809523,
      "ng2_prec": 0.0,
      "ng2_rec": 0.0,
      "ng2_f1": 0.0,
      "ng3_prec": 0.0,
      "ng3_rec": 0.0,
      "ng3_f1": 0.0
    }
  },
  "truth-0097": {
    "metrics_detail.jsonl": {
      "id": "truth-0097",
      "f1": 0.0,
      "rouge_l": 0.0,
      "bertscore_f1": 0.7964236736297607
    },
    "fconsistency_detail.jsonl": {
      "id": "truth-0097",
      "ng1_prec": 0.0,
      "ng1_rec": 0.0,
      "ng1_f1": 0.0,
      "ng2_prec": 0.0,
      "ng2_rec": 0.0,
      "ng2_f1": 0.0,
      "ng3_prec": 0.0,
      "ng3_rec": 0.0,
      "ng3_f1": 0.0
    }
  },
  "truth-0062": {
    "metrics_detail.jsonl": {
      "id": "truth-0062",
      "f1": 0.0,
      "rouge_l": 0.0,
      "bertscore_f1": 0.8033397197723389
    },
    "fconsistency_detail.jsonl": {
      "id": "truth-0062",
      "ng1_prec": 0.0,
      "ng1_rec": 0.0,
      "ng1_f1": 0.0,
      "ng2_prec": 0.0,
      "ng2_rec": 0.0,
      "ng2_f1": 0.0,
      "ng3_prec": 0.0,
      "ng3_rec": 0.0,
      "ng3_f1": 0.0
    }
  },
  "truth-0015": {
    "metrics_detail.jsonl": {
      "id": "truth-0015",
      "f1": 0.0,
      "rouge_l": 0.0,
      "bertscore_f1": 0.7727452516555786
    },
    "fconsistency_detail.jsonl": {
      "id": "truth-0015",
      "ng1_prec": 0.0,
      "ng1_rec": 0.0,
      "ng1_f1": 0.0,
      "ng2_prec": 0.0,
      "ng2_rec": 0.0,
      "ng2_f1": 0.0,
      "ng3_prec": 0.0,
      "ng3_rec": 0.0,
      "ng3_f1": 0.0
    }
  },
  "truth-0036": {
    "metrics_detail.jsonl": {
      "id": "truth-0036",
      "f1": 0.0,
      "rouge_l": 0.0,
      "bertscore_f1": 0.7823737263679504
    },
    "fconsistency_detail.jsonl": {
      "id": "truth-0036",
      "ng1_prec": 0.0,
      "ng1_rec": 0.0,
      "ng1_f1": 0.0,
      "ng2_prec": 0.0,
      "ng2_rec": 0.0,
      "ng2_f1": 0.0,
      "ng3_prec": 0.0,
      "ng3_rec": 0.0,
      "ng3_f1": 0.0
    }
  },
  "truth-0001": {
    "metrics_detail.jsonl": {
      "id": "truth-0001",
      "f1": 0.0,
      "rouge_l": 0.0,
      "bertscore_f1": 0.7891536951065063
    },
    "fconsistency_detail.jsonl": {
      "id": "truth-0001",
      "ng1_prec": 0.0,
      "ng1_rec": 0.0,
      "ng1_f1": 0.0,
      "ng2_prec": 0.0,
      "ng2_rec": 0.0,
      "ng2_f1": 0.0,
      "ng3_prec": 0.0,
      "ng3_rec": 0.0,
      "ng3_f1": 0.0
    }
  },
  "truth-0030": {
    "metrics_detail.jsonl": {
      "id": "truth-0030",
      "f1": 0.024999999999999998,
      "rouge_l": 0.024999999999999998,
      "bertscore_f1": 0.8149633407592773
    },
    "fconsistency_detail.jsonl": {
      "id": "truth-0030",
      "ng1_prec": 0.012658227848101266,
      "ng1_rec": 1.0,
      "ng1_f1": 0.024999999999999998,
      "ng2_prec": 0.0,
      "ng2_rec": 0.0,
      "ng2_f1": 0.0,
      "ng3_prec": 0.0,
      "ng3_rec": 0.0,
      "ng3_f1": 0.0
    }
  },
  "truth-0109": {
    "metrics_detail.jsonl": {
      "id": "truth-0109",
      "f1": 0.0,
      "rouge_l": 0.0,
      "bertscore_f1": 0.8126747012138367
    },
    "fconsistency_detail.jsonl": {
      "id": "truth-0109",
      "ng1_prec": 0.0,
      "ng1_rec": 0.0,
      "ng1_f1": 0.0,
      "ng2_prec": 0.0,
      "ng2_rec": 0.0,
      "ng2_f1": 0.0,
      "ng3_prec": 0.0,
      "ng3_rec": 0.0,
      "ng3_f1": 0.0
    }
  },