{
  "truth-0033": {
    "metrics_detail.jsonl": {
      "id": "truth-0033",
      "f1": 0.0,
      "rouge_l": 0.0,
      "bertscore_f1": 0.7649664878845215
    },
    "fconsistency_detail.jsonl": {
      "id": "truth-0033",
      "ng1_prec": 0.0,
      "ng1_rec": 0.0,
      "ng1_f1": 0.0,
      "ng2_prec": 0.0,
      "ng2_rec": 0.0,
      "ng2_f1": 0.0,
      "ng3_prec": 0.0,
      "ng3_rec": 0.0,
      "ng3_f1": 0.0
    }
  },
  "truth-0100": {
    "metrics_detail.jsonl": {
      "id": "truth-0100",
      "f1": 0.03333333333333333,
      "rouge_l": 0.03333333333333333,
      "bertscore_f1": 0.8068943619728088
    },
    "fconsistency_detail.jsonl": {
      "id": "truth-0100",
      "ng1_prec": 0.017241379310344827,
      "ng1_rec": 0.5,
      "ng1_f1": 0.03333333333333333,
      "ng2_prec": 0.0,
      "ng2_rec": 0.0,
      "ng2_f1": 0.0,
      "ng3_prec": 0.0,
      "ng3_rec": 0.0,
      "ng3_f1": 0.0
    }
  },
  "truth-0006": {
    "metrics_detail.jsonl": {
      "id": "truth-0006",
      "f1": 0.0,
      "rouge_l": 0.0,
      "bertscore_f1": 0.7802921533584595
    },
    "fconsistency_detail.jsonl": {
      "id": "truth-0006",
      "ng1_prec": 0.0,
      "ng1_rec": 0.0,
      "ng1_f1": 0.0,
      "ng2_prec": 0.0,
      "ng2_rec": 0.0,
      "ng2_f1": 0.0,
      "ng3_prec": 0.0,
      "ng3_rec": 0.0,
      "ng3_f1": 0.0
    }
  },
  "truth-0143": {
    "metrics_detail.jsonl": {
      "id": "truth-0143",
      "f1": 0.0,
      "rouge_l": 0.0,
      "bertscore_f1": 0.8054417371749878
    },
    "fconsistency_detail.jsonl": {
      "id": "truth-0143",
      "ng1_prec": 0.0,
      "ng1_rec": 0.0,
      "ng1_f1": 0.0,
      "ng2_prec": 0.0,
      "ng2_rec": 0.0,
      "ng2_f1": 0.0,
      "ng3_prec": 0.0,
      "ng3_rec": 0.0,
      "ng3_f1": 0.0
    }
  },
  "truth-0083": {
    "metrics_detail.jsonl": {
      "id": "truth-0083",
      "f1": 0.01639344262295082,
      "rouge_l": 0.01639344262295082,
      "bertscore_f1": 0.7797725796699524
    },
    "fconsistency_detail.jsonl": {
      "id": "truth-0083",
      "ng1_prec": 0.008298755186721992,
      "ng1_rec": 0.6666666666666666,
      "ng1_f1": 0.01639344262295082,
      "ng2_prec": 0.0,
      "ng2_rec": 0.0,
      "ng2_f1": 0.0,
      "ng3_prec": 0.0,
      "ng3_rec": 0.0,
      "ng3_f1": 0.0
    }
  },
  "truth-0039": {
    "metrics_detail.jsonl": {
      "id": "truth-0039",
      "f1": 0.0,
      "rouge_l": 0.0,
      "bertscore_f1": 0.8252392411231995
    },
    "fconsistency_detail.jsonl": {
      "id": "truth-0039",
      "ng1_prec": 0.0,
      "ng1_rec": 0.0,
      "ng1_f1": 0.0,
      "ng2_prec": 0.0,
      "ng2_rec": 0.0,
      "ng2_f1": 0.0,
      "ng3_prec": 0.0,
      "ng3_rec": 0.0,
      "ng3_f1": 0.0
    }
  },
  "truth-0047": {
    "metrics_detail.jsonl": {
      "id": "truth-0047",
      "f1": 0.08695652173913042,
      "rouge_l": 0.08695652173913042,
      "bertscore_f1": 0.8090073466300964
    },
    "fconsistency_detail.jsonl": {
      "id": "truth-0047",
      "ng1_prec": 0.047619047619047616,
      "ng1_rec": 0.5,
      "ng1_f1": 0.08695652173913042,
      "ng2_prec": 0.0,
      "ng2_rec": 0.0,
      "ng2_f1": 0.0,
      "ng3_prec": 0.0,
      "ng3_rec": 0.0,
      "ng3_f1": 0.0
    }
  },
  "truth-0088": {
    "metrics_detail.jsonl": {
      "id": "truth-0088",
      "f1": 0.01234567901234568,
      "rouge_l": 0.01234567901234568,
      "bertscore_f1": 0.7833974957466125
    },
    "fconsistency_detail.jsonl": {
      "id": "truth-0088",
      "ng1_prec": 0.006211180124223602,
      "ng1_rec": 1.0,
      "ng1_f1": 0.01234567901234568,
      "ng2_prec": 0.0,
      "ng2_rec": 0.0,
      "ng2_f1": 0.0,
      "ng3_prec": 0.0,
      "ng3_rec": 0.0,
      "ng3_f1": 0.0
    }
  },
  "truth-0119": {
    "metrics_detail.jsonl": {
      "id": "truth-0119",
      "f1": 0.0,
      "rouge_l": 0.0,
      "bertscore_f1": 0.7977356314659119
    },
    "fconsistency_detail.jsonl": {
      "id": "truth-0119",
      "ng1_prec": 0.0,
      "ng1_rec": 0.0,
      "ng1_f1": 0.0,
      "ng2_prec": 0.0,
      "ng2_rec": 0.0,
      "ng2_f1": 0.0,
      "ng3_prec": 0.0,
      "ng3_rec": 0.0,
      "ng3_f1": 0.0
    }
  },
  "truth-0134": {
    "metrics_detail.jsonl": {
      "id": "truth-0134",
      "f1": 0.0,
      "rouge_l": 0.0,
      "bertscore_f1": 0.8015983700752258
    },
    "fconsistency_detail.jsonl": {
      "id": "truth-0134",
      "ng1_prec": 0.0,
      "ng1_rec": 0.0,
      "ng1_f1": 0.0,
      "ng2_prec": 0.0,
      "ng2_rec": 0.0,
      "ng2_f1": 0.0,
      "ng3_prec": 0.0,
      "ng3_rec": 0.0,
      "ng3_f1": 0.0
    }
  },
  "truth-0116": {
    "metrics_detail.jsonl": {
      "id": "truth-0116",
      "f1": 0.2222222222222222,
      "rouge_l": 0.14814814814814814,
      "bertscore_f1": 0.8178465962409973
    },
    "fconsistency_detail.jsonl": {
      "id": "truth-0116",
      "ng1_prec": 0.125,
      "ng1_rec": 1.0,
      "ng1_f1": 0.2222222222222222,
      "ng2_prec": 0.0,
      "ng2_rec": 0.0,
      "ng2_f1": 0.0,
      "ng3_prec": 0.0,
      "ng3_rec": 0.0,
      "ng3_f1": 0.0
    }
  },
  "truth-0097": {
    "metrics_detail.jsonl": {
      "id": "truth-0097",
      "f1": 0.029411764705882353,
      "rouge_l": 0.029411764705882353,
      "bertscore_f1": 0.798505961894989
    },
    "fconsistency_detail.jsonl": {
      "id": "truth-0097",
      "ng1_prec": 0.014925373134328358,
      "ng1_rec": 1.0,
      "ng1_f1": 0.029411764705882353,
      "ng2_prec": 0.0,
      "ng2_rec": 0.0,
      "ng2_f1": 0.0,
      "ng3_prec": 0.0,
      "ng3_rec": 0.0,
      "ng3_f1": 0.0
    }
  },
  "truth-0062": {
    "metrics_detail.jsonl": {
      "id": "truth-0062",
      "f1": 0.0,
      "rouge_l": 0.0,
      "bertscore_f1": 0.8001164793968201
    },
    "fconsistency_detail.jsonl": {
      "id": "truth-0062",
      "ng1_prec": 0.0,
      "ng1_rec": 0.0,
      "ng1_f1": 0.0,
      "ng2_prec": 0.0,
      "ng2_rec": 0.0,
      "ng2_f1": 0.0,
      "ng3_prec": 0.0,
      "ng3_rec": 0.0,
      "ng3_f1": 0.0
    }
  },
  "truth-0015": {
    "metrics_detail.jsonl": {
      "id": "truth-0015",
      "f1": 0.0,
      "rouge_l": 0.0,
      "bertscore_f1": 0.8120419979095459
    },
    "fconsistency_detail.jsonl": {
      "id": "truth-0015",
      "ng1_prec": 0.0,
      "ng1_rec": 0.0,
      "ng1_f1": 0.0,
      "ng2_prec": 0.0,
      "ng2_rec": 0.0,
      "ng2_f1": 0.0,
      "ng3_prec": 0.0,
      "ng3_rec": 0.0,
      "ng3_f1": 0.0
    }
  },
  "truth-0036": {
    "metrics_detail.jsonl": {
      "id": "truth-0036",
      "f1": 0.0,
      "rouge_l": 0.0,
      "bertscore_f1": 0.7928581833839417
    },
    "fconsistency_detail.jsonl": {
      "id": "truth-0036",
      "ng1_prec": 0.0,
      "ng1_rec": 0.0,
      "ng1_f1": 0.0,
      "ng2_prec": 0.0,
      "ng2_rec": 0.0,
      "ng2_f1": 0.0,
      "ng3_prec": 0.0,
      "ng3_rec": 0.0,
      "ng3_f1": 0.0
    }
  },
  "truth-0001": {
    "metrics_detail.jsonl": {
      "id": "truth-0001",
      "f1": 0.0,
      "rouge_l": 0.0,
      "bertscore_f1": 0.7839125990867615
    },
    "fconsistency_detail.jsonl": {
      "id": "truth-0001",
      "ng1_prec": 0.0,
      "ng1_rec": 0.0,
      "ng1_f1": 0.0,
      "ng2_prec": 0.0,
      "ng2_rec": 0.0,
      "ng2_f1": 0.0,
      "ng3_prec": 0.0,
      "ng3_rec": 0.0,
      "ng3_f1": 0.0
    }
  },
  "truth-0030": {
    "metrics_detail.jsonl": {
      "id": "truth-0030",
      "f1": 0.028985507246376812,
      "rouge_l": 0.028985507246376812,
      "bertscore_f1": 0.793533444404602
    },
    "fconsistency_detail.jsonl": {
      "id": "truth-0030",
      "ng1_prec": 0.014705882352941176,
      "ng1_rec": 1.0,
      "ng1_f1": 0.028985507246376812,
      "ng2_prec": 0.0,
      "ng2_rec": 0.0,
      "ng2_f1": 0.0,
      "ng3_prec": 0.0,
      "ng3_rec": 0.0,
      "ng3_f1": 0.0
    }
  },
  "truth-0109": {
    "metrics_detail.jsonl": {
      "id": "truth-0109",
      "f1": 0.0,
      "rouge_l": 0.0,
      "bertscore_f1": 0.8008789420127869
    },
    "fconsistency_detail.jsonl": {
      "id": "truth-0109",