{
  "truth-0127": {
    "metrics_detail.jsonl": {
      "id": "truth-0127",
      "f1": 0.0,
      "rouge_l": 0.0,
      "bertscore_f1": 0.7782691717147827
    },
    "fconsistency_detail.jsonl": {
      "id": "truth-0127",
      "ng1_prec": 0.005681818181818182,
      "ng1_rec": 1.0,
      "ng1_f1": 0.01129943502824859,
      "ng2_prec": 0.0,
      "ng2_rec": 0.0,
      "ng2_f1": 0.0,
      "ng3_prec": 0.0,
      "ng3_rec": 0.0,
      "ng3_f1": 0.0
    }
  },
  "truth-0003": {
    "metrics_detail.jsonl": {
      "id": "truth-0003",
      "f1": 0.0,
      "rouge_l": 0.0,
      "bertscore_f1": 0.7810516357421875
    },
    "fconsistency_detail.jsonl": {
      "id": "truth-0003",
      "ng1_prec": 0.005154639175257732,
      "ng1_rec": 1.0,
      "ng1_f1": 0.010256410256410256,
      "ng2_prec": 0.0,
      "ng2_rec": 0.0,
      "ng2_f1": 0.0,
      "ng3_prec": 0.0,
      "ng3_rec": 0.0,
      "ng3_f1": 0.0
    }
  },
  "truth-0092": {
    "metrics_detail.jsonl": {
      "id": "truth-0092",
      "f1": 0.0,
      "rouge_l": 0.0,
      "bertscore_f1": 0.7760321497917175
    },
    "fconsistency_detail.jsonl": {
      "id": "truth-0092",
      "ng1_prec": 0.0072992700729927005,
      "ng1_rec": 1.0,
      "ng1_f1": 0.014492753623188404,
      "ng2_prec": 0.0,
      "ng2_rec": 0.0,
      "ng2_f1": 0.0,
      "ng3_prec": 0.0,
      "ng3_rec": 0.0,
      "ng3_f1": 0.0
    }
  },
  "truth-0123": {
    "metrics_detail.jsonl": {
      "id": "truth-0123",
      "f1": 0.0,
      "rouge_l": 0.0,
      "bertscore_f1": 0.7891772389411926
    },
    "fconsistency_detail.jsonl": {
      "id": "truth-0123",
      "ng1_prec": 0.008620689655172414,
      "ng1_rec": 1.0,
      "ng1_f1": 0.017094017094017096,
      "ng2_prec": 0.0,
      "ng2_rec": 0.0,
      "ng2_f1": 0.0,
      "ng3_prec": 0.0,
      "ng3_rec": 0.0,
      "ng3_f1": 0.0
    }
  },
  "truth-0130": {
    "metrics_detail.jsonl": {
      "id": "truth-0130",
      "f1": 0.0,
      "rouge_l": 0.0,
      "bertscore_f1": 0.7706083059310913
    },
    "fconsistency_detail.jsonl": {
      "id": "truth-0130",
      "ng1_prec": 0.0,
      "ng1_rec": 0.0,
      "ng1_f1": 0.0,
      "ng2_prec": 0.0,
      "ng2_rec": 0.0,
      "ng2_f1": 0.0,
      "ng3_prec": 0.0,
      "ng3_rec": 0.0,
      "ng3_f1": 0.0
    }
  },
  "truth-0083": {
    "metrics_detail.jsonl": {
      "id": "truth-0083",
      "f1": 0.016,
      "rouge_l": 0.016,
      "bertscore_f1": 0.7674314975738525
    },
    "fconsistency_detail.jsonl": {
      "id": "truth-0083",
      "ng1_prec": 0.008064516129032258,
      "ng1_rec": 1.0,
      "ng1_f1": 0.016,
      "ng2_prec": 0.0,
      "ng2_rec": 0.0,
      "ng2_f1": 0.0,
      "ng3_prec": 0.0,
      "ng3_rec": 0.0,
      "ng3_f1": 0.0
    }
  },
  "truth-0039": {
    "metrics_detail.jsonl": {
      "id": "truth-0039",
      "f1": 0.0,
      "rouge_l": 0.0,
      "bertscore_f1": 0.7664268612861633
    },
    "fconsistency_detail.jsonl": {
      "id": "truth-0039",
      "ng1_prec": 0.006211180124223602,
      "ng1_rec": 1.0,
      "ng1_f1": 0.01234567901234568,
      "ng2_prec": 0.0,
      "ng2_rec": 0.0,
      "ng2_f1": 0.0,
      "ng3_prec": 0.0,
      "ng3_rec": 0.0,
      "ng3_f1": 0.0
    }
  },
  "truth-0131": {
    "metrics_detail.jsonl": {
      "id": "truth-0131",
      "f1": 0.02150537634408602,
      "rouge_l": 0.02150537634408602,
      "bertscore_f1": 0.7809894680976868
    },
    "fconsistency_detail.jsonl": {
      "id": "truth-0131",
      "ng1_prec": 0.010869565217391304,
      "ng1_rec": 1.0,
      "ng1_f1": 0.02150537634408602,
      "ng2_prec": 0.0,
      "ng2_rec": 0.0,
      "ng2_f1": 0.0,
      "ng3_prec": 0.0,
      "ng3_rec": 0.0,
      "ng3_f1": 0.0
    }
  },
  "truth-0038": {
    "metrics_detail.jsonl": {
      "id": "truth-0038",
      "f1": 0.0,
      "rouge_l": 0.0,
      "bertscore_f1": 0.7694982290267944
    },
    "fconsistency_detail.jsonl": {
      "id": "truth-0038",
      "ng1_prec": 0.004629629629629629,
      "ng1_rec": 1.0,
      "ng1_f1": 0.009216589861751152,
      "ng2_prec": 0.0,
      "ng2_rec": 0.0,
      "ng2_f1": 0.0,
      "ng3_prec": 0.0,
      "ng3_rec": 0.0,
      "ng3_f1": 0.0
    }
  },
  "truth-0119": {
    "metrics_detail.jsonl": {
      "id": "truth-0119",
      "f1": 0.0,
      "rouge_l": 0.0,
      "bertscore_f1": 0.7797971963882446
    },
    "fconsistency_detail.jsonl": {
      "id": "truth-0119",
      "ng1_prec": 0.0,
      "ng1_rec": 0.0,
      "ng1_f1": 0.0,
      "ng2_prec": 0.0,
      "ng2_rec": 0.0,
      "ng2_f1": 0.0,
      "ng3_prec": 0.0,
      "ng3_rec": 0.0,
      "ng3_f1": 0.0
    }
  },
  "truth-0136": {
    "metrics_detail.jsonl": {
      "id": "truth-0136",
      "f1": 0.0,
      "rouge_l": 0.0,
      "bertscore_f1": 0.7795370221138
    },
    "fconsistency_detail.jsonl": {
      "id": "truth-0136",
      "ng1_prec": 0.005681818181818182,
      "ng1_rec": 1.0,
      "ng1_f1": 0.01129943502824859,
      "ng2_prec": 0.0,
      "ng2_rec": 0.0,
      "ng2_f1": 0.0,
      "ng3_prec": 0.0,
      "ng3_rec": 0.0,
      "ng3_f1": 0.0
    }
  },
  "truth-0032": {
    "metrics_detail.jsonl": {
      "id": "truth-0032",
      "f1": 0.0,
      "rouge_l": 0.0,
      "bertscore_f1": 0.745358407497406
    },
    "fconsistency_detail.jsonl": {
      "id": "truth-0032",
      "ng1_prec": 0.004672897196261682,
      "ng1_rec": 1.0,
      "ng1_f1": 0.009302325581395347,
      "ng2_prec": 0.0,
      "ng2_rec": 0.0,
      "ng2_f1": 0.0,
      "ng3_prec": 0.0,
      "ng3_rec": 0.0,
      "ng3_f1": 0.0
    }
  },
  "truth-0134": {
    "metrics_detail.jsonl": {
      "id": "truth-0134",
      "f1": 0.0,
      "rouge_l": 0.0,
      "bertscore_f1": 0.7827907204627991
    },
    "fconsistency_detail.jsonl": {
      "id": "truth-0134",
      "ng1_prec": 0.007246376811594203,
      "ng1_rec": 1.0,
      "ng1_f1": 0.014388489208633093,
      "ng2_prec": 0.0,
      "ng2_rec": 0.0,
      "ng2_f1": 0.0,
      "ng3_prec": 0.0,
      "ng3_rec": 0.0,
      "ng3_f1": 0.0
    }
  },
  "truth-0040": {
    "metrics_detail.jsonl": {
      "id": "truth-0040",
      "f1": 0.0,
      "rouge_l": 0.0,
      "bertscore_f1": 0.7812960743904114
    },
    "fconsistency_detail.jsonl": {
      "id": "truth-0040",
      "ng1_prec": 0.0,
      "ng1_rec": 0.0,
      "ng1_f1": 0.0,
      "ng2_prec": 0.0,
      "ng2_rec": 0.0,
      "ng2_f1": 0.0,
      "ng3_prec": 0.0,
      "ng3_rec": 0.0,
      "ng3_f1": 0.0
    }
  },
  "truth-0128": {
    "metrics_detail.jsonl": {
      "id": "truth-0128",
      "f1": 0.0,
      "rouge_l": 0.0,
      "bertscore_f1": 0.7745767831802368
    },
    "fconsistency_detail.jsonl": {
      "id": "truth-0128",
      "ng1_prec": 0.00546448087431694,
      "ng1_rec": 1.0,
      "ng1_f1": 0.010869565217391304,
      "ng2_prec": 0.0,
      "ng2_rec": 0.0,
      "ng2_f1": 0.0,
      "ng3_prec": 0.0,
      "ng3_rec": 0.0,
      "ng3_f1": 0.0
    }
  },
  "truth-0133": {
    "metrics_detail.jsonl": {
      "id": "truth-0133",
      "f1": 0.0,
      "rouge_l": 0.0,
      "bertscore_f1": 0.7748197317123413
    },
    "fconsistency_detail.jsonl": {
      "id": "truth-0133",
      "ng1_prec": 0.0,
      "ng1_rec": 0.0,
      "ng1_f1": 0.0,
      "ng2_prec": 0.0,
      "ng2_rec": 0.0,
      "ng2_f1": 0.0,
      "ng3_prec": 0.0,
      "ng3_rec": 0.0,
      "ng3_f1": 0.0
    }
  },
  "truth-0030": {
    "metrics_detail.jsonl": {
      "id": "truth-0030",
      "f1": 0.013071895424836602,
      "rouge_l": 0.013071895424836602,
      "bertscore_f1": 0.7880984544754028
    },
    "fconsistency_detail.jsonl": {
      "id": "truth-0030",
      "ng1_prec": 0.006578947368421052,
      "ng1_rec": 1.0,
      "ng1_f1": 0.013071895424836602,
      "ng2_prec": 0.0,
      "ng2_rec": 0.0,
      "ng2_f1": 0.0,
      "ng3_prec": 0.0,
      "ng3_rec": 0.0,
      "ng3_f1": 0.0
    }
  },
  "truth-0072": {
    "metrics_detail.jsonl": {
      "id": "truth-0072",
      "f1": 0.0,
      "rouge_l": 0.0,
      "bertscore_f1": 0.7962063550949097
    },