{
  "truth-0003": {
    "metrics_detail.jsonl": {
      "id": "truth-0003",
      "f1": 0.030456852791878174,
      "rouge_l": 0.030456852791878174,
      "bertscore_f1": 0.8131426572799683
    },
    "fconsistency_detail.jsonl": {
      "id": "truth-0003",
      "ng1_prec": 0.015625,
      "ng1_rec": 0.6,
      "ng1_f1": 0.030456852791878174,
      "ng2_prec": 0.005235602094240838,
      "ng2_rec": 0.25,
      "ng2_f1": 0.010256410256410256,
      "ng3_prec": 0.0,
      "ng3_rec": 0.0,
      "ng3_f1": 0.0
    }
  },
  "truth-0135": {
    "metrics_detail.jsonl": {
      "id": "truth-0135",
      "f1": 0.020477815699658702,
      "rouge_l": 0.020477815699658702,
      "bertscore_f1": 0.800084114074707
    },
    "fconsistency_detail.jsonl": {
      "id": "truth-0135",
      "ng1_prec": 0.01048951048951049,
      "ng1_rec": 0.42857142857142855,
      "ng1_f1": 0.020477815699658702,
      "ng2_prec": 0.0035087719298245615,
      "ng2_rec": 0.16666666666666666,
      "ng2_f1": 0.006872852233676976,
      "ng3_prec": 0.0,
      "ng3_rec": 0.0,
      "ng3_f1": 0.0
    }
  },
  "truth-0012": {
    "metrics_detail.jsonl": {
      "id": "truth-0012",
      "f1": 0.060085836909871244,
      "rouge_l": 0.060085836909871244,
      "bertscore_f1": 0.8479527831077576
    },
    "fconsistency_detail.jsonl": {
      "id": "truth-0012",
      "ng1_prec": 0.030973451327433628,
      "ng1_rec": 1.0,
      "ng1_f1": 0.060085836909871244,
      "ng2_prec": 0.013333333333333334,
      "ng2_rec": 0.5,
      "ng2_f1": 0.025974025974025976,
      "ng3_prec": 0.004464285714285714,
      "ng3_rec": 0.2,
      "ng3_f1": 0.008733624454148471
    }
  },
  "truth-0020": {
    "metrics_detail.jsonl": {
      "id": "truth-0020",
      "f1": 0.08,
      "rouge_l": 0.08,
      "bertscore_f1": 0.7762174010276794
    },
    "fconsistency_detail.jsonl": {
      "id": "truth-0020",
      "ng1_prec": 0.043478260869565216,
      "ng1_rec": 0.5,
      "ng1_f1": 0.08,
      "ng2_prec": 0.0,
      "ng2_rec": 0.0,
      "ng2_f1": 0.0,
      "ng3_prec": 0.0,
      "ng3_rec": 0.0,
      "ng3_f1": 0.0
    }
  },
  "truth-0130": {
    "metrics_detail.jsonl": {
      "id": "truth-0130",
      "f1": 0.06557377049180328,
      "rouge_l": 0.06557377049180328,
      "bertscore_f1": 0.7905124425888062
    },
    "fconsistency_detail.jsonl": {
      "id": "truth-0130",
      "ng1_prec": 0.03508771929824561,
      "ng1_rec": 0.5,
      "ng1_f1": 0.06557377049180328,
      "ng2_prec": 0.0,
      "ng2_rec": 0.0,
      "ng2_f1": 0.0,
      "ng3_prec": 0.0,
      "ng3_rec": 0.0,
      "ng3_f1": 0.0
    }
  },
  "truth-0006": {
    "metrics_detail.jsonl": {
      "id": "truth-0006",
      "f1": 0.045845272206303724,
      "rouge_l": 0.04069767441860465,
      "bertscore_f1": 0.8285405039787292
    },
    "fconsistency_detail.jsonl": {
      "id": "truth-0006",
      "ng1_prec": 0.023809523809523808,
      "ng1_rec": 0.6153846153846154,
      "ng1_f1": 0.045845272206303724,
      "ng2_prec": 0.011940298507462687,
      "ng2_rec": 0.5714285714285714,
      "ng2_f1": 0.023391812865497075,
      "ng3_prec": 0.008982035928143712,
      "ng3_rec": 0.5,
      "ng3_f1": 0.01764705882352941
    }
  },
  "truth-0143": {
    "metrics_detail.jsonl": {
      "id": "truth-0143",
      "f1": 0.026086956521739132,
      "rouge_l": 0.017467248908296946,
      "bertscore_f1": 0.7563515901565552
    },
    "fconsistency_detail.jsonl": {
      "id": "truth-0143",
      "ng1_prec": 0.013333333333333334,
      "ng1_rec": 0.6,
      "ng1_f1": 0.026086956521739132,
      "ng2_prec": 0.0,
      "ng2_rec": 0.0,
      "ng2_f1": 0.0,
      "ng3_prec": 0.0,
      "ng3_rec": 0.0,
      "ng3_f1": 0.0
    }
  },
  "truth-0039": {
    "metrics_detail.jsonl": {
      "id": "truth-0039",
      "f1": 0.02479338842975207,
      "rouge_l": 0.02479338842975207,
      "bertscore_f1": 0.763953685760498
    },
    "fconsistency_detail.jsonl": {
      "id": "truth-0039",
      "ng1_prec": 0.012605042016806723,
      "ng1_rec": 0.75,
      "ng1_f1": 0.02479338842975207,
      "ng2_prec": 0.004219409282700422,
      "ng2_rec": 0.3333333333333333,
      "ng2_f1": 0.008333333333333333,
      "ng3_prec": 0.0,
      "ng3_rec": 0.0,
      "ng3_f1": 0.0
    }
  },
  "truth-0137": {
    "metrics_detail.jsonl": {
      "id": "truth-0137",
      "f1": 0.04519774011299435,
      "rouge_l": 0.023255813953488372,
      "bertscore_f1": 0.7578444480895996
    },
    "fconsistency_detail.jsonl": {
      "id": "truth-0137",
      "ng1_prec": 0.023809523809523808,
      "ng1_rec": 0.4444444444444444,
      "ng1_f1": 0.04519774011299435,
      "ng2_prec": 0.0,
      "ng2_rec": 0.0,
      "ng2_f1": 0.0,
      "ng3_prec": 0.0,
      "ng3_rec": 0.0,
      "ng3_f1": 0.0
    }
  },
  "truth-0096": {
    "metrics_detail.jsonl": {
      "id": "truth-0096",
      "f1": 0.12389380530973451,
      "rouge_l": 0.10619469026548672,
      "bertscore_f1": 0.8638895750045776
    },
    "fconsistency_detail.jsonl": {
      "id": "truth-0096",
      "ng1_prec": 0.07142857142857142,
      "ng1_rec": 0.4666666666666667,
      "ng1_f1": 0.12389380530973451,
      "ng2_prec": 0.020618556701030927,
      "ng2_rec": 0.2222222222222222,
      "ng2_f1": 0.037735849056603765,
      "ng3_prec": 0.010416666666666666,
      "ng3_rec": 0.125,
      "ng3_f1": 0.019230769230769232
    }
  },
  "truth-0136": {
    "metrics_detail.jsonl": {
      "id": "truth-0136",
      "f1": 0.32558139534883723,
      "rouge_l": 0.15384615384615383,
      "bertscore_f1": 0.8852220773696899
    },
    "fconsistency_detail.jsonl": {
      "id": "truth-0136",
      "ng1_prec": 0.23333333333333334,
      "ng1_rec": 0.5384615384615384,
      "ng1_f1": 0.32558139534883723,
      "ng2_prec": 0.034482758620689655,
      "ng2_rec": 0.125,
      "ng2_f1": 0.05405405405405405,
      "ng3_prec": 0.0,
      "ng3_rec": 0.0,
      "ng3_f1": 0.0
    }
  },
  "truth-0099": {
    "metrics_detail.jsonl": {
      "id": "truth-0099",
      "f1": 0.037267080745341616,
      "rouge_l": 0.037267080745341616,
      "bertscore_f1": 0.7958541512489319
    },
    "fconsistency_detail.jsonl": {
      "id": "truth-0099",
      "ng1_prec": 0.019230769230769232,
      "ng1_rec": 0.6,
      "ng1_f1": 0.037267080745341616,
      "ng2_prec": 0.0,
      "ng2_rec": 0.0,
      "ng2_f1": 0.0,
      "ng3_prec": 0.0,
      "ng3_rec": 0.0,
      "ng3_f1": 0.0
    }
  },
  "truth-0111": {
    "metrics_detail.jsonl": {
      "id": "truth-0111",
      "f1": 0.05714285714285714,
      "rouge_l": 0.05714285714285714,
      "bertscore_f1": 0.8115414977073669
    },
    "fconsistency_detail.jsonl": {
      "id": "truth-0111",
      "ng1_prec": 0.029900332225913623,
      "ng1_rec": 0.6428571428571429,
      "ng1_f1": 0.05714285714285714,
      "ng2_prec": 0.01,
      "ng2_rec": 0.23076923076923078,
      "ng2_f1": 0.019169329073482427,
      "ng3_prec": 0.0033444816053511705,
      "ng3_rec": 0.16666666666666666,
      "ng3_f1": 0.006557377049180328
    }
  },
  "truth-0128": {
    "metrics_detail.jsonl": {
      "id": "truth-0128",
      "f1": 0.1935483870967742,
      "rouge_l": 0.16129032258064516,
      "bertscore_f1": 0.8722255825996399
    },
    "fconsistency_detail.jsonl": {
      "id": "truth-0128",
      "ng1_prec": 0.12,
      "ng1_rec": 0.5,
      "ng1_f1": 0.1935483870967742,
      "ng2_prec": 0.02040816326530612,
      "ng2_rec": 0.09090909090909091,
      "ng2_f1": 0.03333333333333333,
      "ng3_prec": 0.0,
      "ng3_rec": 0.0,
      "ng3_f1": 0.0
    }
  },
  "truth-0001": {
    "metrics_detail.jsonl": {
      "id": "truth-0001",
      "f1": 0.12048192771084336,
      "rouge_l": 0.08835341365461846,
      "bertscore_f1": 0.8507912755012512
    },
    "fconsistency_detail.jsonl": {
      "id": "truth-0001",
      "ng1_prec": 0.06493506493506493,
      "ng1_rec": 0.8333333333333334,
      "ng1_f1": 0.12048192771084336,
      "ng2_prec": 0.021739130434782608,
      "ng2_rec": 0.29411764705882354,
      "ng2_f1": 0.04048582995951417,