{
  "ngram": {
    "n": 150,
    "aggregate": {
      "ng1_prec": 0.007497599088652714,
      "ng1_rec": 0.5533333333333333,
      "ng1_f1": 0.01477240230054891,
      "ng2_prec": 0.0,
      "ng2_rec": 0.0,
      "ng2_f1": 0.0,
      "ng3_prec": 0.0,
      "ng3_rec": 0.0,
      "ng3_f1": 0.0
    }
  },
  "nli": {
    "n": 150,
    "aggregate": {
      "nli_entailment": 0.6259930170699954,
      "nli_contradiction": 0.21860716625116766,
      "nli_neutral": 0.3004784136700133
    },
    "model": "facebook/bart-large-mnli"
  }
}