{
  "overall": {
    "f1": 0.0018044898480149725,
    "rouge_l": 0.0018044898480149725
  },
  "slices": {
    "even_id": {
      "mean": {
        "f1": 0.0010669690669690669,
        "rouge_l": 0.0010669690669690669
      },
      "gap": {
        "f1": -0.0007375207810459057,
        "rouge_l": -0.0007375207810459057
      },
      "ratio": {
        "f1": 0.591285713323788,
        "rouge_l": 0.591285713323788
      },
      "ci": {
        "f1": [
          0.0,
          0.002475927675927676
        ],
        "rouge_l": [
          0.0,
          0.002475818475818476
        ]
      },
      "n": 75
    },
    "odd_id": {
      "mean": {
        "f1": 0.0025420106290608784,
        "rouge_l": 0.0025420106290608784
      },
      "gap": {
        "f1": 0.0007375207810459059,
        "rouge_l": 0.0007375207810459059
      },
      "ratio": {
        "f1": 1.4087142866762121,
        "rouge_l": 1.4087142866762121
      },
      "ci": {
        "f1": [
          0.0009958318869192411,
          0.004299112599339035
        ],
        "rouge_l": [
          0.0009525378368401624,
          0.004412332767378651
        ]
      },
      "n": 75
    }
  }
}