{
  "primary_metric": "rouge",
  "primary_value": 0.0018044898480149725,
  "aggregate": {
    "f1": 0.0018044898480149725,
    "rouge_l": 0.0018044898480149725,
    "bleu": 0.003171963320063052
  },
  "n": 150,
  "ts": "2025-10-20T18:14:59"
}